POR_FIPS,POR_SFIPS,POR_COFIPS,POR_State,POR_County,POW_FIPS,POW_SFIPS,POW_COFIPS,POW_State,POW_County,Worker_Flow,MOE,ABBR
4013,4,13,Arizona,Maricopa County,1069,1.0,69.0,Alabama,Houston County,16,25,AZ
4013,4,13,Arizona,Maricopa County,1089,1.0,89.0,Alabama,Madison County,38,36,AZ
4019,4,19,Arizona,Pima County,1089,1.0,89.0,Alabama,Madison County,6,11,AZ
4019,4,19,Arizona,Pima County,1097,1.0,97.0,Alabama,Mobile County,4,6,AZ
4003,4,3,Arizona,Cochise County,1101,1.0,101.0,Alabama,Montgomery County,8,12,AZ
4013,4,13,Arizona,Maricopa County,2013,2.0,13.0,Alaska,Aleutians East Borough,27,39,AZ
4013,4,13,Arizona,Maricopa County,2016,2.0,16.0,Alaska,Aleutians West Census Area,19,22,AZ
4013,4,13,Arizona,Maricopa County,2020,2.0,20.0,Alaska,Anchorage Municipality,197,111,AZ
4015,4,15,Arizona,Mohave County,2020,2.0,20.0,Alaska,Anchorage Municipality,17,28,AZ
4019,4,19,Arizona,Pima County,2020,2.0,20.0,Alaska,Anchorage Municipality,10,15,AZ
4017,4,17,Arizona,Navajo County,2068,2.0,68.0,Alaska,Denali Borough,3,4,AZ
4013,4,13,Arizona,Maricopa County,2110,2.0,110.0,Alaska,Juneau City and Borough,44,68,AZ
4027,4,27,Arizona,Yuma County,2110,2.0,110.0,Alaska,Juneau City and Borough,4,8,AZ
4013,4,13,Arizona,Maricopa County,2122,2.0,122.0,Alaska,Kenai Peninsula Borough,18,25,AZ
4025,4,25,Arizona,Yavapai County,2122,2.0,122.0,Alaska,Kenai Peninsula Borough,25,29,AZ
4007,4,7,Arizona,Gila County,2185,2.0,185.0,Alaska,North Slope Borough,22,37,AZ
4013,4,13,Arizona,Maricopa County,2185,2.0,185.0,Alaska,North Slope Borough,26,29,AZ
4021,4,21,Arizona,Pinal County,2185,2.0,185.0,Alaska,North Slope Borough,32,36,AZ
4019,4,19,Arizona,Pima County,2240,2.0,240.0,Alaska,Southeast Fairbanks Census Area,12,18,AZ
4001,4,1,Arizona,Apache County,4001,4.0,1.0,Arizona,Apache County,14349,555,AZ
4003,4,3,Arizona,Cochise County,4001,4.0,1.0,Arizona,Apache County,2,2,AZ
4005,4,5,Arizona,Coconino County,4001,4.0,1.0,Arizona,Apache County,114,50,AZ
4007,4,7,Arizona,Gila County,4001,4.0,1.0,Arizona,Apache County,16,13,AZ
4013,4,13,Arizona,Maricopa County,4001,4.0,1.0,Arizona,Apache County,163,87,AZ
4015,4,15,Arizona,Mohave County,4001,4.0,1.0,Arizona,Apache County,5,9,AZ
4017,4,17,Arizona,Navajo County,4001,4.0,1.0,Arizona,Apache County,652,175,AZ
4019,4,19,Arizona,Pima County,4001,4.0,1.0,Arizona,Apache County,9,13,AZ
4025,4,25,Arizona,Yavapai County,4001,4.0,1.0,Arizona,Apache County,2,3,AZ
4001,4,1,Arizona,Apache County,4003,4.0,3.0,Arizona,Cochise County,4,6,AZ
4003,4,3,Arizona,Cochise County,4003,4.0,3.0,Arizona,Cochise County,45049,1421,AZ
4005,4,5,Arizona,Coconino County,4003,4.0,3.0,Arizona,Cochise County,15,24,AZ
4009,4,9,Arizona,Graham County,4003,4.0,3.0,Arizona,Cochise County,144,56,AZ
4011,4,11,Arizona,Greenlee County,4003,4.0,3.0,Arizona,Cochise County,15,20,AZ
4013,4,13,Arizona,Maricopa County,4003,4.0,3.0,Arizona,Cochise County,289,117,AZ
4017,4,17,Arizona,Navajo County,4003,4.0,3.0,Arizona,Cochise County,16,2,AZ
4019,4,19,Arizona,Pima County,4003,4.0,3.0,Arizona,Cochise County,1860,304,AZ
4023,4,23,Arizona,Santa Cruz County,4003,4.0,3.0,Arizona,Cochise County,266,131,AZ
4027,4,27,Arizona,Yuma County,4003,4.0,3.0,Arizona,Cochise County,21,19,AZ
4001,4,1,Arizona,Apache County,4005,4.0,5.0,Arizona,Coconino County,45,25,AZ
4005,4,5,Arizona,Coconino County,4005,4.0,5.0,Arizona,Coconino County,58867,1116,AZ
4007,4,7,Arizona,Gila County,4005,4.0,5.0,Arizona,Coconino County,106,108,AZ
4013,4,13,Arizona,Maricopa County,4005,4.0,5.0,Arizona,Coconino County,675,203,AZ
4015,4,15,Arizona,Mohave County,4005,4.0,5.0,Arizona,Coconino County,197,85,AZ
4017,4,17,Arizona,Navajo County,4005,4.0,5.0,Arizona,Coconino County,621,108,AZ
4019,4,19,Arizona,Pima County,4005,4.0,5.0,Arizona,Coconino County,71,47,AZ
4021,4,21,Arizona,Pinal County,4005,4.0,5.0,Arizona,Coconino County,14,23,AZ
4025,4,25,Arizona,Yavapai County,4005,4.0,5.0,Arizona,Coconino County,2117,451,AZ
4001,4,1,Arizona,Apache County,4007,4.0,7.0,Arizona,Gila County,34,27,AZ
4005,4,5,Arizona,Coconino County,4007,4.0,7.0,Arizona,Gila County,79,57,AZ
4007,4,7,Arizona,Gila County,4007,4.0,7.0,Arizona,Gila County,14829,661,AZ
4009,4,9,Arizona,Graham County,4007,4.0,7.0,Arizona,Gila County,645,134,AZ
4011,4,11,Arizona,Greenlee County,4007,4.0,7.0,Arizona,Gila County,7,10,AZ
4012,4,12,Arizona,La Paz County,4007,4.0,7.0,Arizona,Gila County,11,19,AZ
4013,4,13,Arizona,Maricopa County,4007,4.0,7.0,Arizona,Gila County,1105,187,AZ
4017,4,17,Arizona,Navajo County,4007,4.0,7.0,Arizona,Gila County,73,44,AZ
4019,4,19,Arizona,Pima County,4007,4.0,7.0,Arizona,Gila County,135,112,AZ
4021,4,21,Arizona,Pinal County,4007,4.0,7.0,Arizona,Gila County,899,226,AZ
4025,4,25,Arizona,Yavapai County,4007,4.0,7.0,Arizona,Gila County,54,47,AZ
4001,4,1,Arizona,Apache County,4009,4.0,9.0,Arizona,Graham County,93,125,AZ
4003,4,3,Arizona,Cochise County,4009,4.0,9.0,Arizona,Graham County,69,88,AZ
4007,4,7,Arizona,Gila County,4009,4.0,9.0,Arizona,Graham County,152,97,AZ
4009,4,9,Arizona,Graham County,4009,4.0,9.0,Arizona,Graham County,9401,512,AZ
4011,4,11,Arizona,Greenlee County,4009,4.0,9.0,Arizona,Graham County,144,64,AZ
4013,4,13,Arizona,Maricopa County,4009,4.0,9.0,Arizona,Graham County,110,65,AZ
4017,4,17,Arizona,Navajo County,4009,4.0,9.0,Arizona,Graham County,14,14,AZ
4019,4,19,Arizona,Pima County,4009,4.0,9.0,Arizona,Graham County,112,67,AZ
4021,4,21,Arizona,Pinal County,4009,4.0,9.0,Arizona,Graham County,24,38,AZ
4025,4,25,Arizona,Yavapai County,4009,4.0,9.0,Arizona,Graham County,31,37,AZ
4001,4,1,Arizona,Apache County,4011,4.0,11.0,Arizona,Greenlee County,23,26,AZ
4003,4,3,Arizona,Cochise County,4011,4.0,11.0,Arizona,Greenlee County,66,60,AZ
4005,4,5,Arizona,Coconino County,4011,4.0,11.0,Arizona,Greenlee County,2,3,AZ
4007,4,7,Arizona,Gila County,4011,4.0,11.0,Arizona,Greenlee County,32,33,AZ
4009,4,9,Arizona,Graham County,4011,4.0,11.0,Arizona,Greenlee County,1032,208,AZ
4011,4,11,Arizona,Greenlee County,4011,4.0,11.0,Arizona,Greenlee County,3009,196,AZ
4013,4,13,Arizona,Maricopa County,4011,4.0,11.0,Arizona,Greenlee County,200,101,AZ
4015,4,15,Arizona,Mohave County,4011,4.0,11.0,Arizona,Greenlee County,18,30,AZ
4017,4,17,Arizona,Navajo County,4011,4.0,11.0,Arizona,Greenlee County,21,27,AZ
4019,4,19,Arizona,Pima County,4011,4.0,11.0,Arizona,Greenlee County,258,114,AZ
4021,4,21,Arizona,Pinal County,4011,4.0,11.0,Arizona,Greenlee County,54,53,AZ
4023,4,23,Arizona,Santa Cruz County,4011,4.0,11.0,Arizona,Greenlee County,53,86,AZ
4025,4,25,Arizona,Yavapai County,4011,4.0,11.0,Arizona,Greenlee County,13,21,AZ
4012,4,12,Arizona,La Paz County,4012,4.0,12.0,Arizona,La Paz County,5590,504,AZ
4013,4,13,Arizona,Maricopa County,4012,4.0,12.0,Arizona,La Paz County,94,56,AZ
4015,4,15,Arizona,Mohave County,4012,4.0,12.0,Arizona,La Paz County,431,151,AZ
4017,4,17,Arizona,Navajo County,4012,4.0,12.0,Arizona,La Paz County,11,17,AZ
4019,4,19,Arizona,Pima County,4012,4.0,12.0,Arizona,La Paz County,41,65,AZ
4027,4,27,Arizona,Yuma County,4012,4.0,12.0,Arizona,La Paz County,81,87,AZ
4001,4,1,Arizona,Apache County,4013,4.0,13.0,Arizona,Maricopa County,192,70,AZ
4003,4,3,Arizona,Cochise County,4013,4.0,13.0,Arizona,Maricopa County,234,125,AZ
4005,4,5,Arizona,Coconino County,4013,4.0,13.0,Arizona,Maricopa County,769,206,AZ
4007,4,7,Arizona,Gila County,4013,4.0,13.0,Arizona,Maricopa County,1317,335,AZ
4009,4,9,Arizona,Graham County,4013,4.0,13.0,Arizona,Maricopa County,103,58,AZ
4011,4,11,Arizona,Greenlee County,4013,4.0,13.0,Arizona,Maricopa County,26,22,AZ
4012,4,12,Arizona,La Paz County,4013,4.0,13.0,Arizona,Maricopa County,39,47,AZ
4013,4,13,Arizona,Maricopa County,4013,4.0,13.0,Arizona,Maricopa County,1752699,6108,AZ
4015,4,15,Arizona,Mohave County,4013,4.0,13.0,Arizona,Maricopa County,162,82,AZ
4017,4,17,Arizona,Navajo County,4013,4.0,13.0,Arizona,Maricopa County,518,148,AZ
4019,4,19,Arizona,Pima County,4013,4.0,13.0,Arizona,Maricopa County,2163,322,AZ
4021,4,21,Arizona,Pinal County,4013,4.0,13.0,Arizona,Maricopa County,58341,1656,AZ
4023,4,23,Arizona,Santa Cruz County,4013,4.0,13.0,Arizona,Maricopa County,20,31,AZ
4025,4,25,Arizona,Yavapai County,4013,4.0,13.0,Arizona,Maricopa County,3584,472,AZ
4027,4,27,Arizona,Yuma County,4013,4.0,13.0,Arizona,Maricopa County,189,125,AZ
4001,4,1,Arizona,Apache County,4015,4.0,15.0,Arizona,Mohave County,12,13,AZ
4005,4,5,Arizona,Coconino County,4015,4.0,15.0,Arizona,Mohave County,227,117,AZ
4012,4,12,Arizona,La Paz County,4015,4.0,15.0,Arizona,Mohave County,125,57,AZ
4013,4,13,Arizona,Maricopa County,4015,4.0,15.0,Arizona,Mohave County,185,79,AZ
4015,4,15,Arizona,Mohave County,4015,4.0,15.0,Arizona,Mohave County,52567,1489,AZ
4019,4,19,Arizona,Pima County,4015,4.0,15.0,Arizona,Mohave County,32,31,AZ
4021,4,21,Arizona,Pinal County,4015,4.0,15.0,Arizona,Mohave County,10,17,AZ
4025,4,25,Arizona,Yavapai County,4015,4.0,15.0,Arizona,Mohave County,128,76,AZ
4027,4,27,Arizona,Yuma County,4015,4.0,15.0,Arizona,Mohave County,41,53,AZ
4001,4,1,Arizona,Apache County,4017,4.0,17.0,Arizona,Navajo County,1305,239,AZ
4005,4,5,Arizona,Coconino County,4017,4.0,17.0,Arizona,Navajo County,1099,203,AZ
4007,4,7,Arizona,Gila County,4017,4.0,17.0,Arizona,Navajo County,510,153,AZ
4009,4,9,Arizona,Graham County,4017,4.0,17.0,Arizona,Navajo County,10,16,AZ
4013,4,13,Arizona,Maricopa County,4017,4.0,17.0,Arizona,Navajo County,312,128,AZ
4015,4,15,Arizona,Mohave County,4017,4.0,17.0,Arizona,Navajo County,32,40,AZ
4017,4,17,Arizona,Navajo County,4017,4.0,17.0,Arizona,Navajo County,28352,936,AZ
4019,4,19,Arizona,Pima County,4017,4.0,17.0,Arizona,Navajo County,56,55,AZ
4021,4,21,Arizona,Pinal County,4017,4.0,17.0,Arizona,Navajo County,36,32,AZ
4025,4,25,Arizona,Yavapai County,4017,4.0,17.0,Arizona,Navajo County,84,80,AZ
4001,4,1,Arizona,Apache County,4019,4.0,19.0,Arizona,Pima County,32,29,AZ
4003,4,3,Arizona,Cochise County,4019,4.0,19.0,Arizona,Pima County,1319,240,AZ
4005,4,5,Arizona,Coconino County,4019,4.0,19.0,Arizona,Pima County,64,38,AZ
4007,4,7,Arizona,Gila County,4019,4.0,19.0,Arizona,Pima County,5,7,AZ
4009,4,9,Arizona,Graham County,4019,4.0,19.0,Arizona,Pima County,72,59,AZ
4011,4,11,Arizona,Greenlee County,4019,4.0,19.0,Arizona,Pima County,5,7,AZ
4013,4,13,Arizona,Maricopa County,4019,4.0,19.0,Arizona,Pima County,2602,315,AZ
4015,4,15,Arizona,Mohave County,4019,4.0,19.0,Arizona,Pima County,10,15,AZ
4017,4,17,Arizona,Navajo County,4019,4.0,19.0,Arizona,Pima County,69,36,AZ
4019,4,19,Arizona,Pima County,4019,4.0,19.0,Arizona,Pima County,404514,2832,AZ
4021,4,21,Arizona,Pinal County,4019,4.0,19.0,Arizona,Pima County,4474,487,AZ
4023,4,23,Arizona,Santa Cruz County,4019,4.0,19.0,Arizona,Pima County,1632,338,AZ
4025,4,25,Arizona,Yavapai County,4019,4.0,19.0,Arizona,Pima County,75,66,AZ
4027,4,27,Arizona,Yuma County,4019,4.0,19.0,Arizona,Pima County,49,47,AZ
4001,4,1,Arizona,Apache County,4021,4.0,21.0,Arizona,Pinal County,13,14,AZ
4003,4,3,Arizona,Cochise County,4021,4.0,21.0,Arizona,Pinal County,8,9,AZ
4005,4,5,Arizona,Coconino County,4021,4.0,21.0,Arizona,Pinal County,10,13,AZ
4007,4,7,Arizona,Gila County,4021,4.0,21.0,Arizona,Pinal County,319,91,AZ
4009,4,9,Arizona,Graham County,4021,4.0,21.0,Arizona,Pinal County,7,10,AZ
4011,4,11,Arizona,Greenlee County,4021,4.0,21.0,Arizona,Pinal County,2,4,AZ
4013,4,13,Arizona,Maricopa County,4021,4.0,21.0,Arizona,Pinal County,14099,873,AZ
4015,4,15,Arizona,Mohave County,4021,4.0,21.0,Arizona,Pinal County,37,48,AZ
4017,4,17,Arizona,Navajo County,4021,4.0,21.0,Arizona,Pinal County,6,6,AZ
4019,4,19,Arizona,Pima County,4021,4.0,21.0,Arizona,Pinal County,2126,373,AZ
4021,4,21,Arizona,Pinal County,4021,4.0,21.0,Arizona,Pinal County,66064,2127,AZ
4025,4,25,Arizona,Yavapai County,4021,4.0,21.0,Arizona,Pinal County,117,105,AZ
4027,4,27,Arizona,Yuma County,4021,4.0,21.0,Arizona,Pinal County,15,17,AZ
4003,4,3,Arizona,Cochise County,4023,4.0,23.0,Arizona,Santa Cruz County,155,110,AZ
4005,4,5,Arizona,Coconino County,4023,4.0,23.0,Arizona,Santa Cruz County,19,33,AZ
4013,4,13,Arizona,Maricopa County,4023,4.0,23.0,Arizona,Santa Cruz County,32,28,AZ
4019,4,19,Arizona,Pima County,4023,4.0,23.0,Arizona,Santa Cruz County,2296,370,AZ
4021,4,21,Arizona,Pinal County,4023,4.0,23.0,Arizona,Santa Cruz County,22,36,AZ
4023,4,23,Arizona,Santa Cruz County,4023,4.0,23.0,Arizona,Santa Cruz County,14694,701,AZ
4025,4,25,Arizona,Yavapai County,4023,4.0,23.0,Arizona,Santa Cruz County,15,30,AZ
4001,4,1,Arizona,Apache County,4025,4.0,25.0,Arizona,Yavapai County,30,25,AZ
4003,4,3,Arizona,Cochise County,4025,4.0,25.0,Arizona,Yavapai County,13,16,AZ
4005,4,5,Arizona,Coconino County,4025,4.0,25.0,Arizona,Yavapai County,1009,199,AZ
4011,4,11,Arizona,Greenlee County,4025,4.0,25.0,Arizona,Yavapai County,1,4,AZ
4013,4,13,Arizona,Maricopa County,4025,4.0,25.0,Arizona,Yavapai County,1648,329,AZ
4015,4,15,Arizona,Mohave County,4025,4.0,25.0,Arizona,Yavapai County,28,28,AZ
4017,4,17,Arizona,Navajo County,4025,4.0,25.0,Arizona,Yavapai County,71,58,AZ
4019,4,19,Arizona,Pima County,4025,4.0,25.0,Arizona,Yavapai County,93,57,AZ
4021,4,21,Arizona,Pinal County,4025,4.0,25.0,Arizona,Yavapai County,33,27,AZ
4025,4,25,Arizona,Yavapai County,4025,4.0,25.0,Arizona,Yavapai County,72345,1610,AZ
4001,4,1,Arizona,Apache County,4027,4.0,27.0,Arizona,Yuma County,3,4,AZ
4005,4,5,Arizona,Coconino County,4027,4.0,27.0,Arizona,Yuma County,5,8,AZ
4013,4,13,Arizona,Maricopa County,4027,4.0,27.0,Arizona,Yuma County,388,156,AZ
4019,4,19,Arizona,Pima County,4027,4.0,27.0,Arizona,Yuma County,77,56,AZ
4021,4,21,Arizona,Pinal County,4027,4.0,27.0,Arizona,Yuma County,31,30,AZ
4025,4,25,Arizona,Yavapai County,4027,4.0,27.0,Arizona,Yuma County,28,32,AZ
4027,4,27,Arizona,Yuma County,4027,4.0,27.0,Arizona,Yuma County,69282,1583,AZ
4013,4,13,Arizona,Maricopa County,5007,5.0,7.0,Arkansas,Benton County,84,56,AZ
4013,4,13,Arizona,Maricopa County,5115,5.0,115.0,Arkansas,Pope County,9,13,AZ
4013,4,13,Arizona,Maricopa County,5119,5.0,119.0,Arkansas,Pulaski County,11,18,AZ
4017,4,17,Arizona,Navajo County,5119,5.0,119.0,Arkansas,Pulaski County,8,8,AZ
4019,4,19,Arizona,Pima County,5131,5.0,131.0,Arkansas,Sebastian County,12,22,AZ
4001,4,1,Arizona,Apache County,6001,6.0,1.0,California,Alameda County,12,10,AZ
4013,4,13,Arizona,Maricopa County,6001,6.0,1.0,California,Alameda County,38,35,AZ
4015,4,15,Arizona,Mohave County,6001,6.0,1.0,California,Alameda County,9,13,AZ
4019,4,19,Arizona,Pima County,6001,6.0,1.0,California,Alameda County,16,20,AZ
4021,4,21,Arizona,Pinal County,6001,6.0,1.0,California,Alameda County,21,26,AZ
4013,4,13,Arizona,Maricopa County,6013,6.0,13.0,California,Contra Costa County,125,71,AZ
4019,4,19,Arizona,Pima County,6013,6.0,13.0,California,Contra Costa County,77,77,AZ
4027,4,27,Arizona,Yuma County,6013,6.0,13.0,California,Contra Costa County,8,12,AZ
4013,4,13,Arizona,Maricopa County,6017,6.0,17.0,California,El Dorado County,9,16,AZ
4005,4,5,Arizona,Coconino County,6019,6.0,19.0,California,Fresno County,29,36,AZ
4013,4,13,Arizona,Maricopa County,6019,6.0,19.0,California,Fresno County,47,52,AZ
4021,4,21,Arizona,Pinal County,6019,6.0,19.0,California,Fresno County,36,42,AZ
4027,4,27,Arizona,Yuma County,6019,6.0,19.0,California,Fresno County,11,19,AZ
4007,4,7,Arizona,Gila County,6025,6.0,25.0,California,Imperial County,3,8,AZ
4012,4,12,Arizona,La Paz County,6025,6.0,25.0,California,Imperial County,21,24,AZ
4013,4,13,Arizona,Maricopa County,6025,6.0,25.0,California,Imperial County,36,25,AZ
4015,4,15,Arizona,Mohave County,6025,6.0,25.0,California,Imperial County,8,12,AZ
4019,4,19,Arizona,Pima County,6025,6.0,25.0,California,Imperial County,16,22,AZ
4025,4,25,Arizona,Yavapai County,6025,6.0,25.0,California,Imperial County,9,15,AZ
4027,4,27,Arizona,Yuma County,6025,6.0,25.0,California,Imperial County,1822,370,AZ
4015,4,15,Arizona,Mohave County,6027,6.0,27.0,California,Inyo County,12,22,AZ
4005,4,5,Arizona,Coconino County,6029,6.0,29.0,California,Kern County,5,7,AZ
4013,4,13,Arizona,Maricopa County,6029,6.0,29.0,California,Kern County,46,33,AZ
4015,4,15,Arizona,Mohave County,6029,6.0,29.0,California,Kern County,4,6,AZ
4017,4,17,Arizona,Navajo County,6029,6.0,29.0,California,Kern County,3,4,AZ
4019,4,19,Arizona,Pima County,6029,6.0,29.0,California,Kern County,36,51,AZ
4025,4,25,Arizona,Yavapai County,6029,6.0,29.0,California,Kern County,32,38,AZ
4003,4,3,Arizona,Cochise County,6035,6.0,35.0,California,Lassen County,27,46,AZ
4001,4,1,Arizona,Apache County,6037,6.0,37.0,California,Los Angeles County,9,7,AZ
4003,4,3,Arizona,Cochise County,6037,6.0,37.0,California,Los Angeles County,10,16,AZ
4005,4,5,Arizona,Coconino County,6037,6.0,37.0,California,Los Angeles County,16,21,AZ
4012,4,12,Arizona,La Paz County,6037,6.0,37.0,California,Los Angeles County,26,24,AZ
4013,4,13,Arizona,Maricopa County,6037,6.0,37.0,California,Los Angeles County,1457,384,AZ
4015,4,15,Arizona,Mohave County,6037,6.0,37.0,California,Los Angeles County,394,166,AZ
4017,4,17,Arizona,Navajo County,6037,6.0,37.0,California,Los Angeles County,20,17,AZ
4019,4,19,Arizona,Pima County,6037,6.0,37.0,California,Los Angeles County,130,85,AZ
4021,4,21,Arizona,Pinal County,6037,6.0,37.0,California,Los Angeles County,43,46,AZ
4023,4,23,Arizona,Santa Cruz County,6037,6.0,37.0,California,Los Angeles County,50,72,AZ
4025,4,25,Arizona,Yavapai County,6037,6.0,37.0,California,Los Angeles County,166,134,AZ
4027,4,27,Arizona,Yuma County,6037,6.0,37.0,California,Los Angeles County,87,71,AZ
4013,4,13,Arizona,Maricopa County,6039,6.0,39.0,California,Madera County,7,9,AZ
4013,4,13,Arizona,Maricopa County,6041,6.0,41.0,California,Marin County,52,39,AZ
4007,4,7,Arizona,Gila County,6043,6.0,43.0,California,Mariposa County,7,12,AZ
4013,4,13,Arizona,Maricopa County,6045,6.0,45.0,California,Mendocino County,14,24,AZ
4013,4,13,Arizona,Maricopa County,6053,6.0,53.0,California,Monterey County,18,20,AZ
4027,4,27,Arizona,Yuma County,6053,6.0,53.0,California,Monterey County,260,144,AZ
4013,4,13,Arizona,Maricopa County,6055,6.0,55.0,California,Napa County,40,42,AZ
4001,4,1,Arizona,Apache County,6059,6.0,59.0,California,Orange County,10,10,AZ
4012,4,12,Arizona,La Paz County,6059,6.0,59.0,California,Orange County,15,21,AZ
4013,4,13,Arizona,Maricopa County,6059,6.0,59.0,California,Orange County,432,122,AZ
4015,4,15,Arizona,Mohave County,6059,6.0,59.0,California,Orange County,106,72,AZ
4021,4,21,Arizona,Pinal County,6059,6.0,59.0,California,Orange County,14,23,AZ
4025,4,25,Arizona,Yavapai County,6059,6.0,59.0,California,Orange County,27,31,AZ
4003,4,3,Arizona,Cochise County,6065,6.0,65.0,California,Riverside County,2,3,AZ
4005,4,5,Arizona,Coconino County,6065,6.0,65.0,California,Riverside County,49,53,AZ
4012,4,12,Arizona,La Paz County,6065,6.0,65.0,California,Riverside County,343,154,AZ
4013,4,13,Arizona,Maricopa County,6065,6.0,65.0,California,Riverside County,240,102,AZ
4015,4,15,Arizona,Mohave County,6065,6.0,65.0,California,Riverside County,242,181,AZ
4017,4,17,Arizona,Navajo County,6065,6.0,65.0,California,Riverside County,6,9,AZ
4019,4,19,Arizona,Pima County,6065,6.0,65.0,California,Riverside County,36,50,AZ
4021,4,21,Arizona,Pinal County,6065,6.0,65.0,California,Riverside County,50,43,AZ
4027,4,27,Arizona,Yuma County,6065,6.0,65.0,California,Riverside County,81,54,AZ
4005,4,5,Arizona,Coconino County,6067,6.0,67.0,California,Sacramento County,28,25,AZ
4013,4,13,Arizona,Maricopa County,6067,6.0,67.0,California,Sacramento County,34,31,AZ
4027,4,27,Arizona,Yuma County,6067,6.0,67.0,California,Sacramento County,8,14,AZ
4005,4,5,Arizona,Coconino County,6071,6.0,71.0,California,San Bernardino County,32,22,AZ
4012,4,12,Arizona,La Paz County,6071,6.0,71.0,California,San Bernardino County,102,64,AZ
4013,4,13,Arizona,Maricopa County,6071,6.0,71.0,California,San Bernardino County,245,112,AZ
4015,4,15,Arizona,Mohave County,6071,6.0,71.0,California,San Bernardino County,1326,328,AZ
4017,4,17,Arizona,Navajo County,6071,6.0,71.0,California,San Bernardino County,7,7,AZ
4019,4,19,Arizona,Pima County,6071,6.0,71.0,California,San Bernardino County,14,23,AZ
4021,4,21,Arizona,Pinal County,6071,6.0,71.0,California,San Bernardino County,8,15,AZ
4027,4,27,Arizona,Yuma County,6071,6.0,71.0,California,San Bernardino County,54,49,AZ
4005,4,5,Arizona,Coconino County,6073,6.0,73.0,California,San Diego County,2,3,AZ
4007,4,7,Arizona,Gila County,6073,6.0,73.0,California,San Diego County,19,33,AZ
4012,4,12,Arizona,La Paz County,6073,6.0,73.0,California,San Diego County,18,29,AZ
4013,4,13,Arizona,Maricopa County,6073,6.0,73.0,California,San Diego County,637,161,AZ
4015,4,15,Arizona,Mohave County,6073,6.0,73.0,California,San Diego County,50,39,AZ
4019,4,19,Arizona,Pima County,6073,6.0,73.0,California,San Diego County,115,82,AZ
4025,4,25,Arizona,Yavapai County,6073,6.0,73.0,California,San Diego County,27,30,AZ
4027,4,27,Arizona,Yuma County,6073,6.0,73.0,California,San Diego County,96,86,AZ
4013,4,13,Arizona,Maricopa County,6075,6.0,75.0,California,San Francisco County,182,102,AZ
4019,4,19,Arizona,Pima County,6075,6.0,75.0,California,San Francisco County,23,25,AZ
4021,4,21,Arizona,Pinal County,6075,6.0,75.0,California,San Francisco County,13,16,AZ
4013,4,13,Arizona,Maricopa County,6077,6.0,77.0,California,San Joaquin County,39,41,AZ
4021,4,21,Arizona,Pinal County,6077,6.0,77.0,California,San Joaquin County,6,9,AZ
4019,4,19,Arizona,Pima County,6079,6.0,79.0,California,San Luis Obispo County,3,5,AZ
4013,4,13,Arizona,Maricopa County,6081,6.0,81.0,California,San Mateo County,173,60,AZ
4017,4,17,Arizona,Navajo County,6081,6.0,81.0,California,San Mateo County,10,7,AZ
4013,4,13,Arizona,Maricopa County,6083,6.0,83.0,California,Santa Barbara County,98,65,AZ
4019,4,19,Arizona,Pima County,6083,6.0,83.0,California,Santa Barbara County,37,57,AZ
4003,4,3,Arizona,Cochise County,6085,6.0,85.0,California,Santa Clara County,3,5,AZ
4005,4,5,Arizona,Coconino County,6085,6.0,85.0,California,Santa Clara County,24,34,AZ
4013,4,13,Arizona,Maricopa County,6085,6.0,85.0,California,Santa Clara County,274,105,AZ
4015,4,15,Arizona,Mohave County,6085,6.0,85.0,California,Santa Clara County,42,67,AZ
4019,4,19,Arizona,Pima County,6085,6.0,85.0,California,Santa Clara County,80,56,AZ
4025,4,25,Arizona,Yavapai County,6085,6.0,85.0,California,Santa Clara County,66,85,AZ
4019,4,19,Arizona,Pima County,6087,6.0,87.0,California,Santa Cruz County,38,47,AZ
4013,4,13,Arizona,Maricopa County,6093,6.0,93.0,California,Siskiyou County,4,8,AZ
4013,4,13,Arizona,Maricopa County,6095,6.0,95.0,California,Solano County,7,12,AZ
4013,4,13,Arizona,Maricopa County,6097,6.0,97.0,California,Sonoma County,15,23,AZ
4027,4,27,Arizona,Yuma County,6097,6.0,97.0,California,Sonoma County,14,18,AZ
4005,4,5,Arizona,Coconino County,6105,6.0,105.0,California,Trinity County,7,10,AZ
4001,4,1,Arizona,Apache County,6107,6.0,107.0,California,Tulare County,4,5,AZ
4027,4,27,Arizona,Yuma County,6109,6.0,109.0,California,Tuolumne County,5,7,AZ
4005,4,5,Arizona,Coconino County,6111,6.0,111.0,California,Ventura County,73,74,AZ
4013,4,13,Arizona,Maricopa County,6111,6.0,111.0,California,Ventura County,71,55,AZ
4015,4,15,Arizona,Mohave County,6111,6.0,111.0,California,Ventura County,24,38,AZ
4017,4,17,Arizona,Navajo County,6111,6.0,111.0,California,Ventura County,8,14,AZ
4025,4,25,Arizona,Yavapai County,6111,6.0,111.0,California,Ventura County,16,25,AZ
4027,4,27,Arizona,Yuma County,6111,6.0,111.0,California,Ventura County,26,30,AZ
4013,4,13,Arizona,Maricopa County,6113,6.0,113.0,California,Yolo County,24,39,AZ
4005,4,5,Arizona,Coconino County,8001,8.0,1.0,Colorado,Adams County,4,5,AZ
4013,4,13,Arizona,Maricopa County,8001,8.0,1.0,Colorado,Adams County,51,67,AZ
4019,4,19,Arizona,Pima County,8001,8.0,1.0,Colorado,Adams County,64,70,AZ
4013,4,13,Arizona,Maricopa County,8005,8.0,5.0,Colorado,Arapahoe County,128,110,AZ
4013,4,13,Arizona,Maricopa County,8013,8.0,13.0,Colorado,Boulder County,68,60,AZ
4019,4,19,Arizona,Pima County,8013,8.0,13.0,Colorado,Boulder County,60,79,AZ
4005,4,5,Arizona,Coconino County,8031,8.0,31.0,Colorado,Denver County,47,35,AZ
4013,4,13,Arizona,Maricopa County,8031,8.0,31.0,Colorado,Denver County,145,67,AZ
4017,4,17,Arizona,Navajo County,8031,8.0,31.0,Colorado,Denver County,7,9,AZ
4019,4,19,Arizona,Pima County,8031,8.0,31.0,Colorado,Denver County,5,8,AZ
4013,4,13,Arizona,Maricopa County,8035,8.0,35.0,Colorado,Douglas County,17,27,AZ
4013,4,13,Arizona,Maricopa County,8037,8.0,37.0,Colorado,Eagle County,10,21,AZ
4021,4,21,Arizona,Pinal County,8037,8.0,37.0,Colorado,Eagle County,7,17,AZ
4007,4,7,Arizona,Gila County,8041,8.0,41.0,Colorado,El Paso County,7,10,AZ
4013,4,13,Arizona,Maricopa County,8041,8.0,41.0,Colorado,El Paso County,43,43,AZ
4015,4,15,Arizona,Mohave County,8041,8.0,41.0,Colorado,El Paso County,5,8,AZ
4017,4,17,Arizona,Navajo County,8041,8.0,41.0,Colorado,El Paso County,14,11,AZ
4013,4,13,Arizona,Maricopa County,8043,8.0,43.0,Colorado,Fremont County,24,37,AZ
4013,4,13,Arizona,Maricopa County,8045,8.0,45.0,Colorado,Garfield County,4,8,AZ
4025,4,25,Arizona,Yavapai County,8045,8.0,45.0,Colorado,Garfield County,9,15,AZ
4013,4,13,Arizona,Maricopa County,8049,8.0,49.0,Colorado,Grand County,18,28,AZ
4019,4,19,Arizona,Pima County,8049,8.0,49.0,Colorado,Grand County,16,17,AZ
4001,4,1,Arizona,Apache County,8059,8.0,59.0,Colorado,Jefferson County,16,17,AZ
4013,4,13,Arizona,Maricopa County,8059,8.0,59.0,Colorado,Jefferson County,76,59,AZ
4017,4,17,Arizona,Navajo County,8059,8.0,59.0,Colorado,Jefferson County,3,6,AZ
4019,4,19,Arizona,Pima County,8059,8.0,59.0,Colorado,Jefferson County,16,24,AZ
4005,4,5,Arizona,Coconino County,8065,8.0,65.0,Colorado,Lake County,6,11,AZ
4001,4,1,Arizona,Apache County,8067,8.0,67.0,Colorado,La Plata County,24,12,AZ
4019,4,19,Arizona,Pima County,8067,8.0,67.0,Colorado,La Plata County,8,12,AZ
4019,4,19,Arizona,Pima County,8069,8.0,69.0,Colorado,Larimer County,38,43,AZ
4005,4,5,Arizona,Coconino County,8071,8.0,71.0,Colorado,Las Animas County,4,5,AZ
4001,4,1,Arizona,Apache County,8077,8.0,77.0,Colorado,Mesa County,1,3,AZ
4005,4,5,Arizona,Coconino County,8077,8.0,77.0,Colorado,Mesa County,19,17,AZ
4005,4,5,Arizona,Coconino County,8081,8.0,81.0,Colorado,Moffat County,12,12,AZ
4001,4,1,Arizona,Apache County,8083,8.0,83.0,Colorado,Montezuma County,110,39,AZ
4015,4,15,Arizona,Mohave County,8083,8.0,83.0,Colorado,Montezuma County,43,38,AZ
4005,4,5,Arizona,Coconino County,8087,8.0,87.0,Colorado,Morgan County,4,7,AZ
4013,4,13,Arizona,Maricopa County,8089,8.0,89.0,Colorado,Otero County,10,10,AZ
4013,4,13,Arizona,Maricopa County,8093,8.0,93.0,Colorado,Park County,9,15,AZ
4019,4,19,Arizona,Pima County,8097,8.0,97.0,Colorado,Pitkin County,14,26,AZ
4013,4,13,Arizona,Maricopa County,8099,8.0,99.0,Colorado,Prowers County,10,17,AZ
4005,4,5,Arizona,Coconino County,8101,8.0,101.0,Colorado,Pueblo County,23,21,AZ
4013,4,13,Arizona,Maricopa County,8101,8.0,101.0,Colorado,Pueblo County,7,11,AZ
4017,4,17,Arizona,Navajo County,8119,8.0,119.0,Colorado,Teller County,11,9,AZ
4027,4,27,Arizona,Yuma County,8119,8.0,119.0,Colorado,Teller County,9,14,AZ
4013,4,13,Arizona,Maricopa County,8123,8.0,123.0,Colorado,Weld County,3,7,AZ
4019,4,19,Arizona,Pima County,8123,8.0,123.0,Colorado,Weld County,4,7,AZ
4013,4,13,Arizona,Maricopa County,9001,9.0,1.0,Connecticut,Fairfield County,24,24,AZ
4013,4,13,Arizona,Maricopa County,9003,9.0,3.0,Connecticut,Hartford County,66,47,AZ
4021,4,21,Arizona,Pinal County,9003,9.0,3.0,Connecticut,Hartford County,9,15,AZ
4013,4,13,Arizona,Maricopa County,9009,9.0,9.0,Connecticut,New Haven County,7,11,AZ
4019,4,19,Arizona,Pima County,9009,9.0,9.0,Connecticut,New Haven County,13,22,AZ
4013,4,13,Arizona,Maricopa County,10003,10.0,3.0,Delaware,New Castle County,16,25,AZ
4013,4,13,Arizona,Maricopa County,11001,11.0,1.0,District of Columbia,District of Columbia,91,67,AZ
4019,4,19,Arizona,Pima County,11001,11.0,1.0,District of Columbia,District of Columbia,124,65,AZ
4013,4,13,Arizona,Maricopa County,12009,12.0,9.0,Florida,Brevard County,67,51,AZ
4013,4,13,Arizona,Maricopa County,12011,12.0,11.0,Florida,Broward County,50,36,AZ
4013,4,13,Arizona,Maricopa County,12031,12.0,31.0,Florida,Duval County,55,41,AZ
4013,4,13,Arizona,Maricopa County,12057,12.0,57.0,Florida,Hillsborough County,27,22,AZ
4013,4,13,Arizona,Maricopa County,12071,12.0,71.0,Florida,Lee County,6,11,AZ
4013,4,13,Arizona,Maricopa County,12073,12.0,73.0,Florida,Leon County,6,11,AZ
4005,4,5,Arizona,Coconino County,12086,12.0,86.0,Florida,Miami-Dade County,4,6,AZ
4013,4,13,Arizona,Maricopa County,12086,12.0,86.0,Florida,Miami-Dade County,100,97,AZ
4019,4,19,Arizona,Pima County,12086,12.0,86.0,Florida,Miami-Dade County,15,25,AZ
4013,4,13,Arizona,Maricopa County,12091,12.0,91.0,Florida,Okaloosa County,11,17,AZ
4013,4,13,Arizona,Maricopa County,12095,12.0,95.0,Florida,Orange County,44,34,AZ
4019,4,19,Arizona,Pima County,12095,12.0,95.0,Florida,Orange County,4,7,AZ
4023,4,23,Arizona,Santa Cruz County,12095,12.0,95.0,Florida,Orange County,28,42,AZ
4013,4,13,Arizona,Maricopa County,12099,12.0,99.0,Florida,Palm Beach County,51,64,AZ
4013,4,13,Arizona,Maricopa County,12103,12.0,103.0,Florida,Pinellas County,10,16,AZ
4013,4,13,Arizona,Maricopa County,12105,12.0,105.0,Florida,Polk County,8,14,AZ
4013,4,13,Arizona,Maricopa County,12109,12.0,109.0,Florida,St. Johns County,36,47,AZ
4003,4,3,Arizona,Cochise County,12117,12.0,117.0,Florida,Seminole County,1,2,AZ
4015,4,15,Arizona,Mohave County,13001,13.0,1.0,Georgia,Appling County,125,131,AZ
4013,4,13,Arizona,Maricopa County,13021,13.0,21.0,Georgia,Bibb County,8,15,AZ
4013,4,13,Arizona,Maricopa County,13053,13.0,53.0,Georgia,Chattahoochee County,29,48,AZ
4019,4,19,Arizona,Pima County,13053,13.0,53.0,Georgia,Chattahoochee County,29,44,AZ
4013,4,13,Arizona,Maricopa County,13059,13.0,59.0,Georgia,Clarke County,14,20,AZ
4019,4,19,Arizona,Pima County,13063,13.0,63.0,Georgia,Clayton County,35,52,AZ
4013,4,13,Arizona,Maricopa County,13089,13.0,89.0,Georgia,DeKalb County,19,26,AZ
4005,4,5,Arizona,Coconino County,13113,13.0,113.0,Georgia,Fayette County,19,28,AZ
4007,4,7,Arizona,Gila County,13121,13.0,121.0,Georgia,Fulton County,15,25,AZ
4013,4,13,Arizona,Maricopa County,13121,13.0,121.0,Georgia,Fulton County,149,72,AZ
4019,4,19,Arizona,Pima County,13121,13.0,121.0,Georgia,Fulton County,11,17,AZ
4019,4,19,Arizona,Pima County,13127,13.0,127.0,Georgia,Glynn County,11,20,AZ
4013,4,13,Arizona,Maricopa County,13135,13.0,135.0,Georgia,Gwinnett County,19,23,AZ
4003,4,3,Arizona,Cochise County,13179,13.0,179.0,Georgia,Liberty County,11,22,AZ
4015,4,15,Arizona,Mohave County,13179,13.0,179.0,Georgia,Liberty County,15,28,AZ
4013,4,13,Arizona,Maricopa County,13215,13.0,215.0,Georgia,Muscogee County,21,25,AZ
4013,4,13,Arizona,Maricopa County,15001,15.0,1.0,Hawaii,Hawaii County,16,24,AZ
4019,4,19,Arizona,Pima County,15001,15.0,1.0,Hawaii,Hawaii County,15,24,AZ
4013,4,13,Arizona,Maricopa County,15003,15.0,3.0,Hawaii,Honolulu County,127,98,AZ
4021,4,21,Arizona,Pinal County,15003,15.0,3.0,Hawaii,Honolulu County,29,34,AZ
4013,4,13,Arizona,Maricopa County,15007,15.0,7.0,Hawaii,Kauai County,5,8,AZ
4005,4,5,Arizona,Coconino County,16001,16.0,1.0,Idaho,Ada County,2,3,AZ
4013,4,13,Arizona,Maricopa County,16001,16.0,1.0,Idaho,Ada County,53,57,AZ
4019,4,19,Arizona,Pima County,16001,16.0,1.0,Idaho,Ada County,36,41,AZ
4015,4,15,Arizona,Mohave County,16005,16.0,5.0,Idaho,Bannock County,13,20,AZ
4015,4,15,Arizona,Mohave County,16007,16.0,7.0,Idaho,Bear Lake County,16,24,AZ
4019,4,19,Arizona,Pima County,16007,16.0,7.0,Idaho,Bear Lake County,6,9,AZ
4013,4,13,Arizona,Maricopa County,16019,16.0,19.0,Idaho,Bonneville County,39,48,AZ
4017,4,17,Arizona,Navajo County,16019,16.0,19.0,Idaho,Bonneville County,19,29,AZ
4013,4,13,Arizona,Maricopa County,16055,16.0,55.0,Idaho,Kootenai County,12,17,AZ
4013,4,13,Arizona,Maricopa County,16061,16.0,61.0,Idaho,Lewis County,8,14,AZ
4013,4,13,Arizona,Maricopa County,16065,16.0,65.0,Idaho,Madison County,66,61,AZ
4012,4,12,Arizona,La Paz County,16067,16.0,67.0,Idaho,Minidoka County,9,15,AZ
4013,4,13,Arizona,Maricopa County,16075,16.0,75.0,Idaho,Payette County,10,16,AZ
4001,4,1,Arizona,Apache County,17031,17.0,31.0,Illinois,Cook County,1,4,AZ
4005,4,5,Arizona,Coconino County,17031,17.0,31.0,Illinois,Cook County,13,22,AZ
4013,4,13,Arizona,Maricopa County,17031,17.0,31.0,Illinois,Cook County,441,136,AZ
4019,4,19,Arizona,Pima County,17031,17.0,31.0,Illinois,Cook County,31,28,AZ
4019,4,19,Arizona,Pima County,17037,17.0,37.0,Illinois,DeKalb County,15,25,AZ
4005,4,5,Arizona,Coconino County,17041,17.0,41.0,Illinois,Douglas County,25,40,AZ
4013,4,13,Arizona,Maricopa County,17043,17.0,43.0,Illinois,DuPage County,77,79,AZ
4019,4,19,Arizona,Pima County,17043,17.0,43.0,Illinois,DuPage County,20,25,AZ
4013,4,13,Arizona,Maricopa County,17049,17.0,49.0,Illinois,Effingham County,19,17,AZ
4025,4,25,Arizona,Yavapai County,17089,17.0,89.0,Illinois,Kane County,10,15,AZ
4013,4,13,Arizona,Maricopa County,17091,17.0,91.0,Illinois,Kankakee County,16,25,AZ
4013,4,13,Arizona,Maricopa County,17097,17.0,97.0,Illinois,Lake County,82,52,AZ
4013,4,13,Arizona,Maricopa County,17111,17.0,111.0,Illinois,McHenry County,41,32,AZ
4013,4,13,Arizona,Maricopa County,17113,17.0,113.0,Illinois,McLean County,7,12,AZ
4013,4,13,Arizona,Maricopa County,17119,17.0,119.0,Illinois,Madison County,18,29,AZ
4013,4,13,Arizona,Maricopa County,17141,17.0,141.0,Illinois,Ogle County,8,12,AZ
4013,4,13,Arizona,Maricopa County,17143,17.0,143.0,Illinois,Peoria County,51,43,AZ
4013,4,13,Arizona,Maricopa County,17161,17.0,161.0,Illinois,Rock Island County,5,7,AZ
4021,4,21,Arizona,Pinal County,17161,17.0,161.0,Illinois,Rock Island County,16,25,AZ
4013,4,13,Arizona,Maricopa County,17163,17.0,163.0,Illinois,St. Clair County,20,32,AZ
4025,4,25,Arizona,Yavapai County,17163,17.0,163.0,Illinois,St. Clair County,19,26,AZ
4013,4,13,Arizona,Maricopa County,17167,17.0,167.0,Illinois,Sangamon County,17,19,AZ
4021,4,21,Arizona,Pinal County,17177,17.0,177.0,Illinois,Stephenson County,10,18,AZ
4013,4,13,Arizona,Maricopa County,17197,17.0,197.0,Illinois,Will County,5,9,AZ
4013,4,13,Arizona,Maricopa County,17201,17.0,201.0,Illinois,Winnebago County,23,38,AZ
4013,4,13,Arizona,Maricopa County,18003,18.0,3.0,Indiana,Allen County,8,13,AZ
4013,4,13,Arizona,Maricopa County,18063,18.0,63.0,Indiana,Hendricks County,10,16,AZ
4013,4,13,Arizona,Maricopa County,18067,18.0,67.0,Indiana,Howard County,4,7,AZ
4013,4,13,Arizona,Maricopa County,18089,18.0,89.0,Indiana,Lake County,32,37,AZ
4013,4,13,Arizona,Maricopa County,18091,18.0,91.0,Indiana,LaPorte County,23,37,AZ
4013,4,13,Arizona,Maricopa County,18097,18.0,97.0,Indiana,Marion County,105,83,AZ
4015,4,15,Arizona,Mohave County,18097,18.0,97.0,Indiana,Marion County,7,12,AZ
4025,4,25,Arizona,Yavapai County,18097,18.0,97.0,Indiana,Marion County,22,30,AZ
4015,4,15,Arizona,Mohave County,18125,18.0,125.0,Indiana,Pike County,5,11,AZ
4019,4,19,Arizona,Pima County,18129,18.0,129.0,Indiana,Posey County,13,22,AZ
4013,4,13,Arizona,Maricopa County,18141,18.0,141.0,Indiana,St. Joseph County,24,38,AZ
4019,4,19,Arizona,Pima County,19003,19.0,3.0,Iowa,Adams County,29,45,AZ
4013,4,13,Arizona,Maricopa County,19013,19.0,13.0,Iowa,Black Hawk County,17,19,AZ
4013,4,13,Arizona,Maricopa County,19027,19.0,27.0,Iowa,Carroll County,19,22,AZ
4013,4,13,Arizona,Maricopa County,19033,19.0,33.0,Iowa,Cerro Gordo County,6,12,AZ
4019,4,19,Arizona,Pima County,19067,19.0,67.0,Iowa,Floyd County,18,28,AZ
4019,4,19,Arizona,Pima County,19103,19.0,103.0,Iowa,Johnson County,11,19,AZ
4013,4,13,Arizona,Maricopa County,19113,19.0,113.0,Iowa,Linn County,13,21,AZ
4013,4,13,Arizona,Maricopa County,19139,19.0,139.0,Iowa,Muscatine County,24,38,AZ
4005,4,5,Arizona,Coconino County,19153,19.0,153.0,Iowa,Polk County,10,16,AZ
4013,4,13,Arizona,Maricopa County,19153,19.0,153.0,Iowa,Polk County,31,31,AZ
4019,4,19,Arizona,Pima County,19153,19.0,153.0,Iowa,Polk County,20,24,AZ
4021,4,21,Arizona,Pinal County,19153,19.0,153.0,Iowa,Polk County,25,30,AZ
4013,4,13,Arizona,Maricopa County,19163,19.0,163.0,Iowa,Scott County,19,30,AZ
4021,4,21,Arizona,Pinal County,19163,19.0,163.0,Iowa,Scott County,14,22,AZ
4021,4,21,Arizona,Pinal County,19169,19.0,169.0,Iowa,Story County,14,22,AZ
4013,4,13,Arizona,Maricopa County,19193,19.0,193.0,Iowa,Woodbury County,10,15,AZ
4013,4,13,Arizona,Maricopa County,20055,20.0,55.0,Kansas,Finney County,11,17,AZ
4005,4,5,Arizona,Coconino County,20091,20.0,91.0,Kansas,Johnson County,5,7,AZ
4013,4,13,Arizona,Maricopa County,20091,20.0,91.0,Kansas,Johnson County,97,69,AZ
4019,4,19,Arizona,Pima County,20091,20.0,91.0,Kansas,Johnson County,9,15,AZ
4001,4,1,Arizona,Apache County,20107,20.0,107.0,Kansas,Linn County,19,30,AZ
4025,4,25,Arizona,Yavapai County,20125,20.0,125.0,Kansas,Montgomery County,19,30,AZ
4001,4,1,Arizona,Apache County,20173,20.0,173.0,Kansas,Sedgwick County,3,4,AZ
4013,4,13,Arizona,Maricopa County,20173,20.0,173.0,Kansas,Sedgwick County,5,9,AZ
4015,4,15,Arizona,Mohave County,20177,20.0,177.0,Kansas,Shawnee County,8,15,AZ
4001,4,1,Arizona,Apache County,20209,20.0,209.0,Kansas,Wyandotte County,2,3,AZ
4003,4,3,Arizona,Cochise County,20209,20.0,209.0,Kansas,Wyandotte County,2,3,AZ
4013,4,13,Arizona,Maricopa County,20209,20.0,209.0,Kansas,Wyandotte County,32,41,AZ
4013,4,13,Arizona,Maricopa County,21015,21.0,15.0,Kentucky,Boone County,13,19,AZ
4013,4,13,Arizona,Maricopa County,21067,21.0,67.0,Kentucky,Fayette County,10,16,AZ
4005,4,5,Arizona,Coconino County,21111,21.0,111.0,Kentucky,Jefferson County,6,8,AZ
4013,4,13,Arizona,Maricopa County,21111,21.0,111.0,Kentucky,Jefferson County,3,6,AZ
4019,4,19,Arizona,Pima County,21111,21.0,111.0,Kentucky,Jefferson County,9,14,AZ
4021,4,21,Arizona,Pinal County,21111,21.0,111.0,Kentucky,Jefferson County,15,25,AZ
4013,4,13,Arizona,Maricopa County,22033,22.0,33.0,Louisiana,East Baton Rouge Parish,11,17,AZ
4013,4,13,Arizona,Maricopa County,22051,22.0,51.0,Louisiana,Jefferson Parish,28,44,AZ
4019,4,19,Arizona,Pima County,22051,22.0,51.0,Louisiana,Jefferson Parish,16,26,AZ
4019,4,19,Arizona,Pima County,22055,22.0,55.0,Louisiana,Lafayette Parish,14,22,AZ
4013,4,13,Arizona,Maricopa County,22057,22.0,57.0,Louisiana,Lafourche Parish,9,15,AZ
4013,4,13,Arizona,Maricopa County,22071,22.0,71.0,Louisiana,Orleans Parish,11,21,AZ
4019,4,19,Arizona,Pima County,22071,22.0,71.0,Louisiana,Orleans Parish,8,12,AZ
4013,4,13,Arizona,Maricopa County,22075,22.0,75.0,Louisiana,Plaquemines Parish,12,14,AZ
4023,4,23,Arizona,Santa Cruz County,22079,22.0,79.0,Louisiana,Rapides Parish,6,11,AZ
4013,4,13,Arizona,Maricopa County,22095,22.0,95.0,Louisiana,St. John the Baptist Parish,14,19,AZ
4001,4,1,Arizona,Apache County,22097,22.0,97.0,Louisiana,St. Landry Parish,8,8,AZ
4013,4,13,Arizona,Maricopa County,22105,22.0,105.0,Louisiana,Tangipahoa Parish,33,42,AZ
4007,4,7,Arizona,Gila County,22115,22.0,115.0,Louisiana,Vernon Parish,48,68,AZ
4013,4,13,Arizona,Maricopa County,23005,23.0,5.0,Maine,Cumberland County,5,9,AZ
4017,4,17,Arizona,Navajo County,23009,23.0,9.0,Maine,Hancock County,15,23,AZ
4013,4,13,Arizona,Maricopa County,23017,23.0,17.0,Maine,Oxford County,8,14,AZ
4009,4,9,Arizona,Graham County,23031,23.0,31.0,Maine,York County,13,24,AZ
4003,4,3,Arizona,Cochise County,24003,24.0,3.0,Maryland,Anne Arundel County,8,10,AZ
4013,4,13,Arizona,Maricopa County,24003,24.0,3.0,Maryland,Anne Arundel County,9,15,AZ
4013,4,13,Arizona,Maricopa County,24021,24.0,21.0,Maryland,Frederick County,8,13,AZ
4013,4,13,Arizona,Maricopa County,24025,24.0,25.0,Maryland,Harford County,24,26,AZ
4001,4,1,Arizona,Apache County,24031,24.0,31.0,Maryland,Montgomery County,3,5,AZ
4013,4,13,Arizona,Maricopa County,24031,24.0,31.0,Maryland,Montgomery County,18,20,AZ
4019,4,19,Arizona,Pima County,24031,24.0,31.0,Maryland,Montgomery County,11,17,AZ
4013,4,13,Arizona,Maricopa County,24033,24.0,33.0,Maryland,Prince George's County,3,10,AZ
4013,4,13,Arizona,Maricopa County,24510,24.0,510.0,Maryland,Baltimore city,11,17,AZ
4019,4,19,Arizona,Pima County,25003,25.0,3.0,Massachusetts,Berkshire County,15,23,AZ
4013,4,13,Arizona,Maricopa County,25009,25.0,9.0,Massachusetts,Essex County,12,20,AZ
4013,4,13,Arizona,Maricopa County,25017,25.0,17.0,Massachusetts,Middlesex County,29,27,AZ
4003,4,3,Arizona,Cochise County,25023,25.0,23.0,Massachusetts,Plymouth County,58,93,AZ
4013,4,13,Arizona,Maricopa County,25025,25.0,25.0,Massachusetts,Suffolk County,27,25,AZ
4013,4,13,Arizona,Maricopa County,25027,25.0,27.0,Massachusetts,Worcester County,43,36,AZ
4013,4,13,Arizona,Maricopa County,26049,26.0,49.0,Michigan,Genesee County,5,7,AZ
4019,4,19,Arizona,Pima County,26055,26.0,55.0,Michigan,Grand Traverse County,46,37,AZ
4019,4,19,Arizona,Pima County,26077,26.0,77.0,Michigan,Kalamazoo County,30,34,AZ
4013,4,13,Arizona,Maricopa County,26081,26.0,81.0,Michigan,Kent County,110,118,AZ
4019,4,19,Arizona,Pima County,26081,26.0,81.0,Michigan,Kent County,17,27,AZ
4027,4,27,Arizona,Yuma County,26085,26.0,85.0,Michigan,Lake County,15,24,AZ
4013,4,13,Arizona,Maricopa County,26097,26.0,97.0,Michigan,Mackinac County,8,12,AZ
4013,4,13,Arizona,Maricopa County,26099,26.0,99.0,Michigan,Macomb County,19,23,AZ
4013,4,13,Arizona,Maricopa County,26103,26.0,103.0,Michigan,Marquette County,19,22,AZ
4001,4,1,Arizona,Apache County,26115,26.0,115.0,Michigan,Monroe County,3,6,AZ
4013,4,13,Arizona,Maricopa County,26125,26.0,125.0,Michigan,Oakland County,54,57,AZ
4013,4,13,Arizona,Maricopa County,26127,26.0,127.0,Michigan,Oceana County,19,30,AZ
4015,4,15,Arizona,Mohave County,26133,26.0,133.0,Michigan,Osceola County,49,51,AZ
4013,4,13,Arizona,Maricopa County,26139,26.0,139.0,Michigan,Ottawa County,15,24,AZ
4013,4,13,Arizona,Maricopa County,26145,26.0,145.0,Michigan,Saginaw County,15,23,AZ
4013,4,13,Arizona,Maricopa County,26163,26.0,163.0,Michigan,Wayne County,161,79,AZ
4015,4,15,Arizona,Mohave County,26163,26.0,163.0,Michigan,Wayne County,14,22,AZ
4021,4,21,Arizona,Pinal County,26163,26.0,163.0,Michigan,Wayne County,6,9,AZ
4013,4,13,Arizona,Maricopa County,27003,27.0,3.0,Minnesota,Anoka County,46,45,AZ
4013,4,13,Arizona,Maricopa County,27005,27.0,5.0,Minnesota,Becker County,14,23,AZ
4013,4,13,Arizona,Maricopa County,27007,27.0,7.0,Minnesota,Beltrami County,9,14,AZ
4021,4,21,Arizona,Pinal County,27011,27.0,11.0,Minnesota,Big Stone County,43,48,AZ
4013,4,13,Arizona,Maricopa County,27013,27.0,13.0,Minnesota,Blue Earth County,35,38,AZ
4021,4,21,Arizona,Pinal County,27013,27.0,13.0,Minnesota,Blue Earth County,16,26,AZ
4013,4,13,Arizona,Maricopa County,27027,27.0,27.0,Minnesota,Clay County,10,16,AZ
4019,4,19,Arizona,Pima County,27035,27.0,35.0,Minnesota,Crow Wing County,15,17,AZ
4021,4,21,Arizona,Pinal County,27035,27.0,35.0,Minnesota,Crow Wing County,11,18,AZ
4013,4,13,Arizona,Maricopa County,27037,27.0,37.0,Minnesota,Dakota County,5,14,AZ
4013,4,13,Arizona,Maricopa County,27041,27.0,41.0,Minnesota,Douglas County,21,31,AZ
4015,4,15,Arizona,Mohave County,27051,27.0,51.0,Minnesota,Grant County,25,40,AZ
4013,4,13,Arizona,Maricopa County,27053,27.0,53.0,Minnesota,Hennepin County,184,132,AZ
4019,4,19,Arizona,Pima County,27053,27.0,53.0,Minnesota,Hennepin County,52,58,AZ
4021,4,21,Arizona,Pinal County,27053,27.0,53.0,Minnesota,Hennepin County,8,14,AZ
4021,4,21,Arizona,Pinal County,27063,27.0,63.0,Minnesota,Jackson County,27,44,AZ
4021,4,21,Arizona,Pinal County,27085,27.0,85.0,Minnesota,McLeod County,7,10,AZ
4013,4,13,Arizona,Maricopa County,27093,27.0,93.0,Minnesota,Meeker County,9,15,AZ
4021,4,21,Arizona,Pinal County,27105,27.0,105.0,Minnesota,Nobles County,19,31,AZ
4013,4,13,Arizona,Maricopa County,27123,27.0,123.0,Minnesota,Ramsey County,32,41,AZ
4019,4,19,Arizona,Pima County,27123,27.0,123.0,Minnesota,Ramsey County,13,15,AZ
4021,4,21,Arizona,Pinal County,27123,27.0,123.0,Minnesota,Ramsey County,31,39,AZ
4013,4,13,Arizona,Maricopa County,27129,27.0,129.0,Minnesota,Renville County,18,29,AZ
4013,4,13,Arizona,Maricopa County,27137,27.0,137.0,Minnesota,St. Louis County,65,47,AZ
4013,4,13,Arizona,Maricopa County,27139,27.0,139.0,Minnesota,Scott County,16,23,AZ
4013,4,13,Arizona,Maricopa County,27145,27.0,145.0,Minnesota,Stearns County,9,14,AZ
4013,4,13,Arizona,Maricopa County,27157,27.0,157.0,Minnesota,Wabasha County,5,8,AZ
4013,4,13,Arizona,Maricopa County,27171,27.0,171.0,Minnesota,Wright County,11,17,AZ
4013,4,13,Arizona,Maricopa County,28047,28.0,47.0,Mississippi,Harrison County,10,15,AZ
4019,4,19,Arizona,Pima County,28047,28.0,47.0,Mississippi,Harrison County,6,11,AZ
4013,4,13,Arizona,Maricopa County,28049,28.0,49.0,Mississippi,Hinds County,6,10,AZ
4021,4,21,Arizona,Pinal County,28049,28.0,49.0,Mississippi,Hinds County,13,23,AZ
4013,4,13,Arizona,Maricopa County,28059,28.0,59.0,Mississippi,Jackson County,3,5,AZ
4019,4,19,Arizona,Pima County,28087,28.0,87.0,Mississippi,Lowndes County,44,66,AZ
4013,4,13,Arizona,Maricopa County,28105,28.0,105.0,Mississippi,Oktibbeha County,25,30,AZ
4013,4,13,Arizona,Maricopa County,28121,28.0,121.0,Mississippi,Rankin County,14,23,AZ
4013,4,13,Arizona,Maricopa County,29021,29.0,21.0,Missouri,Buchanan County,12,19,AZ
4013,4,13,Arizona,Maricopa County,29077,29.0,77.0,Missouri,Greene County,44,49,AZ
4015,4,15,Arizona,Mohave County,29077,29.0,77.0,Missouri,Greene County,59,87,AZ
4019,4,19,Arizona,Pima County,29077,29.0,77.0,Missouri,Greene County,8,25,AZ
4013,4,13,Arizona,Maricopa County,29095,29.0,95.0,Missouri,Jackson County,48,47,AZ
4019,4,19,Arizona,Pima County,29095,29.0,95.0,Missouri,Jackson County,13,20,AZ
4013,4,13,Arizona,Maricopa County,29109,29.0,109.0,Missouri,Lawrence County,9,13,AZ
4013,4,13,Arizona,Maricopa County,29159,29.0,159.0,Missouri,Pettis County,9,14,AZ
4013,4,13,Arizona,Maricopa County,29165,29.0,165.0,Missouri,Platte County,35,46,AZ
4013,4,13,Arizona,Maricopa County,29189,29.0,189.0,Missouri,St. Louis County,57,40,AZ
4019,4,19,Arizona,Pima County,29189,29.0,189.0,Missouri,St. Louis County,39,40,AZ
4021,4,21,Arizona,Pinal County,29189,29.0,189.0,Missouri,St. Louis County,6,10,AZ
4027,4,27,Arizona,Yuma County,29189,29.0,189.0,Missouri,St. Louis County,19,30,AZ
4013,4,13,Arizona,Maricopa County,29510,29.0,510.0,Missouri,St. Louis city,22,34,AZ
4021,4,21,Arizona,Pinal County,30003,30.0,3.0,Montana,Big Horn County,13,20,AZ
4015,4,15,Arizona,Mohave County,30013,30.0,13.0,Montana,Cascade County,12,15,AZ
4019,4,19,Arizona,Pima County,30013,30.0,13.0,Montana,Cascade County,14,22,AZ
4019,4,19,Arizona,Pima County,30015,30.0,15.0,Montana,Chouteau County,14,22,AZ
4019,4,19,Arizona,Pima County,30035,30.0,35.0,Montana,Glacier County,14,23,AZ
4015,4,15,Arizona,Mohave County,30057,30.0,57.0,Montana,Madison County,11,17,AZ
4013,4,13,Arizona,Maricopa County,30063,30.0,63.0,Montana,Missoula County,33,32,AZ
4027,4,27,Arizona,Yuma County,30065,30.0,65.0,Montana,Musselshell County,12,19,AZ
4017,4,17,Arizona,Navajo County,30087,30.0,87.0,Montana,Rosebud County,8,10,AZ
4005,4,5,Arizona,Coconino County,30111,30.0,111.0,Montana,Yellowstone County,4,6,AZ
4013,4,13,Arizona,Maricopa County,30111,30.0,111.0,Montana,Yellowstone County,65,66,AZ
4013,4,13,Arizona,Maricopa County,31053,31.0,53.0,Nebraska,Dodge County,22,25,AZ
4001,4,1,Arizona,Apache County,31055,31.0,55.0,Nebraska,Douglas County,9,9,AZ
4013,4,13,Arizona,Maricopa County,31055,31.0,55.0,Nebraska,Douglas County,49,42,AZ
4017,4,17,Arizona,Navajo County,31055,31.0,55.0,Nebraska,Douglas County,26,20,AZ
4019,4,19,Arizona,Pima County,31055,31.0,55.0,Nebraska,Douglas County,21,26,AZ
4021,4,21,Arizona,Pinal County,31055,31.0,55.0,Nebraska,Douglas County,4,8,AZ
4001,4,1,Arizona,Apache County,31109,31.0,109.0,Nebraska,Lancaster County,14,22,AZ
4013,4,13,Arizona,Maricopa County,31109,31.0,109.0,Nebraska,Lancaster County,50,52,AZ
4019,4,19,Arizona,Pima County,31109,31.0,109.0,Nebraska,Lancaster County,5,8,AZ
4013,4,13,Arizona,Maricopa County,31119,31.0,119.0,Nebraska,Madison County,17,28,AZ
4021,4,21,Arizona,Pinal County,31121,31.0,121.0,Nebraska,Merrick County,24,30,AZ
4005,4,5,Arizona,Coconino County,31131,31.0,131.0,Nebraska,Otoe County,2,4,AZ
4013,4,13,Arizona,Maricopa County,31153,31.0,153.0,Nebraska,Sarpy County,55,50,AZ
4015,4,15,Arizona,Mohave County,31153,31.0,153.0,Nebraska,Sarpy County,13,20,AZ
4013,4,13,Arizona,Maricopa County,31157,31.0,157.0,Nebraska,Scotts Bluff County,16,27,AZ
4013,4,13,Arizona,Maricopa County,31177,31.0,177.0,Nebraska,Washington County,9,15,AZ
4005,4,5,Arizona,Coconino County,32003,32.0,3.0,Nevada,Clark County,60,38,AZ
4013,4,13,Arizona,Maricopa County,32003,32.0,3.0,Nevada,Clark County,585,178,AZ
4015,4,15,Arizona,Mohave County,32003,32.0,3.0,Nevada,Clark County,8005,815,AZ
4017,4,17,Arizona,Navajo County,32003,32.0,3.0,Nevada,Clark County,15,13,AZ
4019,4,19,Arizona,Pima County,32003,32.0,3.0,Nevada,Clark County,141,110,AZ
4021,4,21,Arizona,Pinal County,32003,32.0,3.0,Nevada,Clark County,58,68,AZ
4025,4,25,Arizona,Yavapai County,32003,32.0,3.0,Nevada,Clark County,81,61,AZ
4027,4,27,Arizona,Yuma County,32003,32.0,3.0,Nevada,Clark County,37,40,AZ
4001,4,1,Arizona,Apache County,32007,32.0,7.0,Nevada,Elko County,7,6,AZ
4005,4,5,Arizona,Coconino County,32007,32.0,7.0,Nevada,Elko County,14,22,AZ
4011,4,11,Arizona,Greenlee County,32007,32.0,7.0,Nevada,Elko County,6,7,AZ
4013,4,13,Arizona,Maricopa County,32007,32.0,7.0,Nevada,Elko County,10,16,AZ
4005,4,5,Arizona,Coconino County,32017,32.0,17.0,Nevada,Lincoln County,9,7,AZ
4013,4,13,Arizona,Maricopa County,32019,32.0,19.0,Nevada,Lyon County,36,43,AZ
4019,4,19,Arizona,Pima County,32019,32.0,19.0,Nevada,Lyon County,38,39,AZ
4015,4,15,Arizona,Mohave County,32023,32.0,23.0,Nevada,Nye County,10,22,AZ
4001,4,1,Arizona,Apache County,32031,32.0,31.0,Nevada,Washoe County,3,4,AZ
4013,4,13,Arizona,Maricopa County,32031,32.0,31.0,Nevada,Washoe County,45,47,AZ
4017,4,17,Arizona,Navajo County,32031,32.0,31.0,Nevada,Washoe County,3,4,AZ
4027,4,27,Arizona,Yuma County,32031,32.0,31.0,Nevada,Washoe County,14,19,AZ
4019,4,19,Arizona,Pima County,32510,32.0,510.0,Nevada,Carson City,33,33,AZ
4013,4,13,Arizona,Maricopa County,33011,33.0,11.0,New Hampshire,Hillsborough County,31,35,AZ
4013,4,13,Arizona,Maricopa County,33013,33.0,13.0,New Hampshire,Merrimack County,9,21,AZ
4013,4,13,Arizona,Maricopa County,34001,34.0,1.0,New Jersey,Atlantic County,17,28,AZ
4003,4,3,Arizona,Cochise County,34003,34.0,3.0,New Jersey,Bergen County,3,5,AZ
4013,4,13,Arizona,Maricopa County,34003,34.0,3.0,New Jersey,Bergen County,6,10,AZ
4019,4,19,Arizona,Pima County,34003,34.0,3.0,New Jersey,Bergen County,55,86,AZ
4005,4,5,Arizona,Coconino County,34005,34.0,5.0,New Jersey,Burlington County,6,9,AZ
4027,4,27,Arizona,Yuma County,34009,34.0,9.0,New Jersey,Cape May County,10,16,AZ
4013,4,13,Arizona,Maricopa County,34013,34.0,13.0,New Jersey,Essex County,91,67,AZ
4021,4,21,Arizona,Pinal County,34013,34.0,13.0,New Jersey,Essex County,21,35,AZ
4013,4,13,Arizona,Maricopa County,34017,34.0,17.0,New Jersey,Hudson County,82,84,AZ
4013,4,13,Arizona,Maricopa County,34021,34.0,21.0,New Jersey,Mercer County,8,11,AZ
4023,4,23,Arizona,Santa Cruz County,34021,34.0,21.0,New Jersey,Mercer County,7,11,AZ
4013,4,13,Arizona,Maricopa County,34023,34.0,23.0,New Jersey,Middlesex County,50,49,AZ
4019,4,19,Arizona,Pima County,34023,34.0,23.0,New Jersey,Middlesex County,10,16,AZ
4013,4,13,Arizona,Maricopa County,34025,34.0,25.0,New Jersey,Monmouth County,31,37,AZ
4013,4,13,Arizona,Maricopa County,34027,34.0,27.0,New Jersey,Morris County,57,82,AZ
4013,4,13,Arizona,Maricopa County,34029,34.0,29.0,New Jersey,Ocean County,54,88,AZ
4021,4,21,Arizona,Pinal County,34029,34.0,29.0,New Jersey,Ocean County,3,7,AZ
4013,4,13,Arizona,Maricopa County,34031,34.0,31.0,New Jersey,Passaic County,14,16,AZ
4013,4,13,Arizona,Maricopa County,34035,34.0,35.0,New Jersey,Somerset County,83,91,AZ
4013,4,13,Arizona,Maricopa County,34037,34.0,37.0,New Jersey,Sussex County,9,14,AZ
4001,4,1,Arizona,Apache County,35001,35.0,1.0,New Mexico,Bernalillo County,24,14,AZ
4003,4,3,Arizona,Cochise County,35001,35.0,1.0,New Mexico,Bernalillo County,11,17,AZ
4005,4,5,Arizona,Coconino County,35001,35.0,1.0,New Mexico,Bernalillo County,17,22,AZ
4013,4,13,Arizona,Maricopa County,35001,35.0,1.0,New Mexico,Bernalillo County,187,119,AZ
4015,4,15,Arizona,Mohave County,35001,35.0,1.0,New Mexico,Bernalillo County,13,21,AZ
4017,4,17,Arizona,Navajo County,35001,35.0,1.0,New Mexico,Bernalillo County,10,17,AZ
4019,4,19,Arizona,Pima County,35001,35.0,1.0,New Mexico,Bernalillo County,102,61,AZ
4001,4,1,Arizona,Apache County,35005,35.0,5.0,New Mexico,Chaves County,13,13,AZ
4021,4,21,Arizona,Pinal County,35005,35.0,5.0,New Mexico,Chaves County,14,21,AZ
4001,4,1,Arizona,Apache County,35006,35.0,6.0,New Mexico,Cibola County,20,16,AZ
4001,4,1,Arizona,Apache County,35009,35.0,9.0,New Mexico,Curry County,23,26,AZ
4017,4,17,Arizona,Navajo County,35009,35.0,9.0,New Mexico,Curry County,17,25,AZ
4001,4,1,Arizona,Apache County,35011,35.0,11.0,New Mexico,De Baca County,3,4,AZ
4013,4,13,Arizona,Maricopa County,35013,35.0,13.0,New Mexico,Doa Ana County,54,42,AZ
4027,4,27,Arizona,Yuma County,35013,35.0,13.0,New Mexico,Doa Ana County,42,58,AZ
4003,4,3,Arizona,Cochise County,35015,35.0,15.0,New Mexico,Eddy County,4,9,AZ
4013,4,13,Arizona,Maricopa County,35015,35.0,15.0,New Mexico,Eddy County,26,28,AZ
4017,4,17,Arizona,Navajo County,35015,35.0,15.0,New Mexico,Eddy County,2,4,AZ
4003,4,3,Arizona,Cochise County,35017,35.0,17.0,New Mexico,Grant County,19,14,AZ
4011,4,11,Arizona,Greenlee County,35017,35.0,17.0,New Mexico,Grant County,20,26,AZ
4013,4,13,Arizona,Maricopa County,35017,35.0,17.0,New Mexico,Grant County,8,12,AZ
4019,4,19,Arizona,Pima County,35017,35.0,17.0,New Mexico,Grant County,139,99,AZ
4003,4,3,Arizona,Cochise County,35023,35.0,23.0,New Mexico,Hidalgo County,133,70,AZ
4009,4,9,Arizona,Graham County,35023,35.0,23.0,New Mexico,Hidalgo County,3,7,AZ
4011,4,11,Arizona,Greenlee County,35023,35.0,23.0,New Mexico,Hidalgo County,10,9,AZ
4001,4,1,Arizona,Apache County,35025,35.0,25.0,New Mexico,Lea County,3,4,AZ
4017,4,17,Arizona,Navajo County,35025,35.0,25.0,New Mexico,Lea County,6,8,AZ
4021,4,21,Arizona,Pinal County,35027,35.0,27.0,New Mexico,Lincoln County,21,34,AZ
4019,4,19,Arizona,Pima County,35029,35.0,29.0,New Mexico,Luna County,16,26,AZ
4001,4,1,Arizona,Apache County,35031,35.0,31.0,New Mexico,McKinley County,839,139,AZ
4005,4,5,Arizona,Coconino County,35031,35.0,31.0,New Mexico,McKinley County,16,19,AZ
4013,4,13,Arizona,Maricopa County,35031,35.0,31.0,New Mexico,McKinley County,53,60,AZ
4017,4,17,Arizona,Navajo County,35031,35.0,31.0,New Mexico,McKinley County,54,26,AZ
4001,4,1,Arizona,Apache County,35035,35.0,35.0,New Mexico,Otero County,17,27,AZ
4013,4,13,Arizona,Maricopa County,35035,35.0,35.0,New Mexico,Otero County,10,17,AZ
4001,4,1,Arizona,Apache County,35039,35.0,39.0,New Mexico,Rio Arriba County,2,3,AZ
4017,4,17,Arizona,Navajo County,35039,35.0,39.0,New Mexico,Rio Arriba County,6,8,AZ
4021,4,21,Arizona,Pinal County,35041,35.0,41.0,New Mexico,Roosevelt County,48,66,AZ
4013,4,13,Arizona,Maricopa County,35043,35.0,43.0,New Mexico,Sandoval County,55,68,AZ
4021,4,21,Arizona,Pinal County,35043,35.0,43.0,New Mexico,Sandoval County,27,29,AZ
4001,4,1,Arizona,Apache County,35045,35.0,45.0,New Mexico,San Juan County,590,78,AZ
4003,4,3,Arizona,Cochise County,35045,35.0,45.0,New Mexico,San Juan County,8,17,AZ
4005,4,5,Arizona,Coconino County,35045,35.0,45.0,New Mexico,San Juan County,66,54,AZ
4013,4,13,Arizona,Maricopa County,35045,35.0,45.0,New Mexico,San Juan County,116,103,AZ
4017,4,17,Arizona,Navajo County,35045,35.0,45.0,New Mexico,San Juan County,36,38,AZ
4019,4,19,Arizona,Pima County,35045,35.0,45.0,New Mexico,San Juan County,9,15,AZ
4009,4,9,Arizona,Graham County,35047,35.0,47.0,New Mexico,San Miguel County,22,26,AZ
4027,4,27,Arizona,Yuma County,35047,35.0,47.0,New Mexico,San Miguel County,3,7,AZ
4001,4,1,Arizona,Apache County,35049,35.0,49.0,New Mexico,Santa Fe County,5,6,AZ
4005,4,5,Arizona,Coconino County,35049,35.0,49.0,New Mexico,Santa Fe County,9,15,AZ
4013,4,13,Arizona,Maricopa County,35049,35.0,49.0,New Mexico,Santa Fe County,82,136,AZ
4001,4,1,Arizona,Apache County,35053,35.0,53.0,New Mexico,Socorro County,10,11,AZ
4017,4,17,Arizona,Navajo County,35053,35.0,53.0,New Mexico,Socorro County,3,4,AZ
4013,4,13,Arizona,Maricopa County,35055,35.0,55.0,New Mexico,Taos County,132,113,AZ
4017,4,17,Arizona,Navajo County,35057,35.0,57.0,New Mexico,Torrance County,15,13,AZ
4001,4,1,Arizona,Apache County,35061,35.0,61.0,New Mexico,Valencia County,4,5,AZ
4013,4,13,Arizona,Maricopa County,35061,35.0,61.0,New Mexico,Valencia County,22,25,AZ
4019,4,19,Arizona,Pima County,36005,36.0,5.0,New York,Bronx County,11,18,AZ
4013,4,13,Arizona,Maricopa County,36021,36.0,21.0,New York,Columbia County,20,32,AZ
4013,4,13,Arizona,Maricopa County,36029,36.0,29.0,New York,Erie County,8,12,AZ
4007,4,7,Arizona,Gila County,36047,36.0,47.0,New York,Kings County,13,20,AZ
4013,4,13,Arizona,Maricopa County,36047,36.0,47.0,New York,Kings County,38,50,AZ
4019,4,19,Arizona,Pima County,36047,36.0,47.0,New York,Kings County,17,26,AZ
4013,4,13,Arizona,Maricopa County,36059,36.0,59.0,New York,Nassau County,31,30,AZ
4013,4,13,Arizona,Maricopa County,36061,36.0,61.0,New York,New York County,169,80,AZ
4019,4,19,Arizona,Pima County,36061,36.0,61.0,New York,New York County,25,30,AZ
4021,4,21,Arizona,Pinal County,36061,36.0,61.0,New York,New York County,83,107,AZ
4025,4,25,Arizona,Yavapai County,36061,36.0,61.0,New York,New York County,3,5,AZ
4013,4,13,Arizona,Maricopa County,36067,36.0,67.0,New York,Onondaga County,10,16,AZ
4013,4,13,Arizona,Maricopa County,36075,36.0,75.0,New York,Oswego County,54,60,AZ
4013,4,13,Arizona,Maricopa County,36081,36.0,81.0,New York,Queens County,12,14,AZ
4019,4,19,Arizona,Pima County,36081,36.0,81.0,New York,Queens County,6,10,AZ
4019,4,19,Arizona,Pima County,36085,36.0,85.0,New York,Richmond County,9,13,AZ
4013,4,13,Arizona,Maricopa County,36091,36.0,91.0,New York,Saratoga County,16,26,AZ
4019,4,19,Arizona,Pima County,36091,36.0,91.0,New York,Saratoga County,8,14,AZ
4013,4,13,Arizona,Maricopa County,36093,36.0,93.0,New York,Schenectady County,34,37,AZ
4013,4,13,Arizona,Maricopa County,36103,36.0,103.0,New York,Suffolk County,8,12,AZ
4019,4,19,Arizona,Pima County,36103,36.0,103.0,New York,Suffolk County,37,40,AZ
4019,4,19,Arizona,Pima County,36105,36.0,105.0,New York,Sullivan County,16,25,AZ
4013,4,13,Arizona,Maricopa County,36119,36.0,119.0,New York,Westchester County,14,24,AZ
4013,4,13,Arizona,Maricopa County,37107,37.0,107.0,North Carolina,Lenoir County,43,34,AZ
4013,4,13,Arizona,Maricopa County,37119,37.0,119.0,North Carolina,Mecklenburg County,32,52,AZ
4013,4,13,Arizona,Maricopa County,37151,37.0,151.0,North Carolina,Randolph County,17,19,AZ
4013,4,13,Arizona,Maricopa County,37183,37.0,183.0,North Carolina,Wake County,27,33,AZ
4019,4,19,Arizona,Pima County,37183,37.0,183.0,North Carolina,Wake County,35,53,AZ
4013,4,13,Arizona,Maricopa County,37187,37.0,187.0,North Carolina,Washington County,8,20,AZ
4019,4,19,Arizona,Pima County,38015,38.0,15.0,North Dakota,Burleigh County,8,11,AZ
4001,4,1,Arizona,Apache County,38017,38.0,17.0,North Dakota,Cass County,5,9,AZ
4013,4,13,Arizona,Maricopa County,38017,38.0,17.0,North Dakota,Cass County,5,9,AZ
4015,4,15,Arizona,Mohave County,38017,38.0,17.0,North Dakota,Cass County,34,40,AZ
4017,4,17,Arizona,Navajo County,38017,38.0,17.0,North Dakota,Cass County,8,8,AZ
4019,4,19,Arizona,Pima County,38017,38.0,17.0,North Dakota,Cass County,30,47,AZ
4021,4,21,Arizona,Pinal County,38017,38.0,17.0,North Dakota,Cass County,11,18,AZ
4013,4,13,Arizona,Maricopa County,38035,38.0,35.0,North Dakota,Grand Forks County,25,13,AZ
4005,4,5,Arizona,Coconino County,38053,38.0,53.0,North Dakota,McKenzie County,10,16,AZ
4013,4,13,Arizona,Maricopa County,38053,38.0,53.0,North Dakota,McKenzie County,49,55,AZ
4015,4,15,Arizona,Mohave County,38055,38.0,55.0,North Dakota,McLean County,47,59,AZ
4019,4,19,Arizona,Pima County,38057,38.0,57.0,North Dakota,Mercer County,14,16,AZ
4027,4,27,Arizona,Yuma County,38059,38.0,59.0,North Dakota,Morton County,7,12,AZ
4013,4,13,Arizona,Maricopa County,38061,38.0,61.0,North Dakota,Mountrail County,12,13,AZ
4021,4,21,Arizona,Pinal County,38061,38.0,61.0,North Dakota,Mountrail County,26,41,AZ
4001,4,1,Arizona,Apache County,38089,38.0,89.0,North Dakota,Stark County,31,38,AZ
4013,4,13,Arizona,Maricopa County,38089,38.0,89.0,North Dakota,Stark County,50,41,AZ
4017,4,17,Arizona,Navajo County,38089,38.0,89.0,North Dakota,Stark County,1,2,AZ
4013,4,13,Arizona,Maricopa County,38093,38.0,93.0,North Dakota,Stutsman County,9,14,AZ
4013,4,13,Arizona,Maricopa County,38101,38.0,101.0,North Dakota,Ward County,80,117,AZ
4015,4,15,Arizona,Mohave County,38101,38.0,101.0,North Dakota,Ward County,64,102,AZ
4013,4,13,Arizona,Maricopa County,38105,38.0,105.0,North Dakota,Williams County,234,130,AZ
4019,4,19,Arizona,Pima County,38105,38.0,105.0,North Dakota,Williams County,7,12,AZ
4021,4,21,Arizona,Pinal County,38105,38.0,105.0,North Dakota,Williams County,51,49,AZ
4013,4,13,Arizona,Maricopa County,39025,39.0,25.0,Ohio,Clermont County,7,11,AZ
4013,4,13,Arizona,Maricopa County,39035,39.0,35.0,Ohio,Cuyahoga County,55,37,AZ
4019,4,19,Arizona,Pima County,39035,39.0,35.0,Ohio,Cuyahoga County,8,16,AZ
4013,4,13,Arizona,Maricopa County,39041,39.0,41.0,Ohio,Delaware County,21,25,AZ
4013,4,13,Arizona,Maricopa County,39049,39.0,49.0,Ohio,Franklin County,17,19,AZ
4019,4,19,Arizona,Pima County,39049,39.0,49.0,Ohio,Franklin County,21,23,AZ
4013,4,13,Arizona,Maricopa County,39061,39.0,61.0,Ohio,Hamilton County,21,24,AZ
4019,4,19,Arizona,Pima County,39061,39.0,61.0,Ohio,Hamilton County,13,21,AZ
4013,4,13,Arizona,Maricopa County,39085,39.0,85.0,Ohio,Lake County,11,19,AZ
4025,4,25,Arizona,Yavapai County,39093,39.0,93.0,Ohio,Lorain County,9,9,AZ
4013,4,13,Arizona,Maricopa County,39095,39.0,95.0,Ohio,Lucas County,32,37,AZ
4019,4,19,Arizona,Pima County,39153,39.0,153.0,Ohio,Summit County,9,13,AZ
4013,4,13,Arizona,Maricopa County,39155,39.0,155.0,Ohio,Trumbull County,10,16,AZ
4013,4,13,Arizona,Maricopa County,39157,39.0,157.0,Ohio,Tuscarawas County,8,12,AZ
4013,4,13,Arizona,Maricopa County,39165,39.0,165.0,Ohio,Warren County,13,18,AZ
4019,4,19,Arizona,Pima County,39165,39.0,165.0,Ohio,Warren County,13,21,AZ
4005,4,5,Arizona,Coconino County,39173,39.0,173.0,Ohio,Wood County,12,18,AZ
4013,4,13,Arizona,Maricopa County,39173,39.0,173.0,Ohio,Wood County,7,10,AZ
4013,4,13,Arizona,Maricopa County,40017,40.0,17.0,Oklahoma,Canadian County,21,35,AZ
4013,4,13,Arizona,Maricopa County,40027,40.0,27.0,Oklahoma,Cleveland County,39,63,AZ
4013,4,13,Arizona,Maricopa County,40031,40.0,31.0,Oklahoma,Comanche County,27,48,AZ
4019,4,19,Arizona,Pima County,40031,40.0,31.0,Oklahoma,Comanche County,5,7,AZ
4013,4,13,Arizona,Maricopa County,40037,40.0,37.0,Oklahoma,Creek County,14,24,AZ
4013,4,13,Arizona,Maricopa County,40039,40.0,39.0,Oklahoma,Custer County,5,13,AZ
4005,4,5,Arizona,Coconino County,40047,40.0,47.0,Oklahoma,Garfield County,5,7,AZ
4001,4,1,Arizona,Apache County,40065,40.0,65.0,Oklahoma,Jackson County,4,8,AZ
4013,4,13,Arizona,Maricopa County,40101,40.0,101.0,Oklahoma,Muskogee County,8,15,AZ
4005,4,5,Arizona,Coconino County,40109,40.0,109.0,Oklahoma,Oklahoma County,18,23,AZ
4013,4,13,Arizona,Maricopa County,40109,40.0,109.0,Oklahoma,Oklahoma County,155,94,AZ
4019,4,19,Arizona,Pima County,40109,40.0,109.0,Oklahoma,Oklahoma County,15,26,AZ
4021,4,21,Arizona,Pinal County,40109,40.0,109.0,Oklahoma,Oklahoma County,8,13,AZ
4015,4,15,Arizona,Mohave County,40121,40.0,121.0,Oklahoma,Pittsburg County,3,5,AZ
4005,4,5,Arizona,Coconino County,40143,40.0,143.0,Oklahoma,Tulsa County,4,6,AZ
4011,4,11,Arizona,Greenlee County,40143,40.0,143.0,Oklahoma,Tulsa County,4,6,AZ
4013,4,13,Arizona,Maricopa County,40143,40.0,143.0,Oklahoma,Tulsa County,34,38,AZ
4017,4,17,Arizona,Navajo County,40143,40.0,143.0,Oklahoma,Tulsa County,21,17,AZ
4019,4,19,Arizona,Pima County,40143,40.0,143.0,Oklahoma,Tulsa County,74,80,AZ
4013,4,13,Arizona,Maricopa County,41003,41.0,3.0,Oregon,Benton County,6,10,AZ
4013,4,13,Arizona,Maricopa County,41005,41.0,5.0,Oregon,Clackamas County,38,31,AZ
4013,4,13,Arizona,Maricopa County,41011,41.0,11.0,Oregon,Coos County,11,12,AZ
4013,4,13,Arizona,Maricopa County,41015,41.0,15.0,Oregon,Curry County,30,47,AZ
4013,4,13,Arizona,Maricopa County,41017,41.0,17.0,Oregon,Deschutes County,18,29,AZ
4019,4,19,Arizona,Pima County,41017,41.0,17.0,Oregon,Deschutes County,10,15,AZ
4019,4,19,Arizona,Pima County,41025,41.0,25.0,Oregon,Harney County,10,16,AZ
4021,4,21,Arizona,Pinal County,41029,41.0,29.0,Oregon,Jackson County,19,30,AZ
4013,4,13,Arizona,Maricopa County,41043,41.0,43.0,Oregon,Linn County,7,12,AZ
4001,4,1,Arizona,Apache County,41047,41.0,47.0,Oregon,Marion County,8,8,AZ
4013,4,13,Arizona,Maricopa County,41051,41.0,51.0,Oregon,Multnomah County,106,67,AZ
4019,4,19,Arizona,Pima County,41051,41.0,51.0,Oregon,Multnomah County,21,33,AZ
4013,4,13,Arizona,Maricopa County,41067,41.0,67.0,Oregon,Washington County,27,29,AZ
4013,4,13,Arizona,Maricopa County,42003,42.0,3.0,Pennsylvania,Allegheny County,48,50,AZ
4019,4,19,Arizona,Pima County,42003,42.0,3.0,Pennsylvania,Allegheny County,53,54,AZ
4013,4,13,Arizona,Maricopa County,42013,42.0,13.0,Pennsylvania,Blair County,13,20,AZ
4013,4,13,Arizona,Maricopa County,42015,42.0,15.0,Pennsylvania,Bradford County,38,52,AZ
4013,4,13,Arizona,Maricopa County,42027,42.0,27.0,Pennsylvania,Centre County,16,27,AZ
4019,4,19,Arizona,Pima County,42029,42.0,29.0,Pennsylvania,Chester County,21,18,AZ
4013,4,13,Arizona,Maricopa County,42045,42.0,45.0,Pennsylvania,Delaware County,22,34,AZ
4013,4,13,Arizona,Maricopa County,42047,42.0,47.0,Pennsylvania,Elk County,29,32,AZ
4013,4,13,Arizona,Maricopa County,42049,42.0,49.0,Pennsylvania,Erie County,10,16,AZ
4019,4,19,Arizona,Pima County,42049,42.0,49.0,Pennsylvania,Erie County,6,9,AZ
4013,4,13,Arizona,Maricopa County,42069,42.0,69.0,Pennsylvania,Lackawanna County,5,8,AZ
4025,4,25,Arizona,Yavapai County,42071,42.0,71.0,Pennsylvania,Lancaster County,64,64,AZ
4021,4,21,Arizona,Pinal County,42075,42.0,75.0,Pennsylvania,Lebanon County,34,55,AZ
4021,4,21,Arizona,Pinal County,42077,42.0,77.0,Pennsylvania,Lehigh County,8,13,AZ
4013,4,13,Arizona,Maricopa County,42079,42.0,79.0,Pennsylvania,Luzerne County,7,11,AZ
4015,4,15,Arizona,Mohave County,42081,42.0,81.0,Pennsylvania,Lycoming County,35,57,AZ
4013,4,13,Arizona,Maricopa County,42091,42.0,91.0,Pennsylvania,Montgomery County,42,42,AZ
4019,4,19,Arizona,Pima County,42091,42.0,91.0,Pennsylvania,Montgomery County,46,50,AZ
4013,4,13,Arizona,Maricopa County,42101,42.0,101.0,Pennsylvania,Philadelphia County,126,61,AZ
4021,4,21,Arizona,Pinal County,42117,42.0,117.0,Pennsylvania,Tioga County,33,36,AZ
4013,4,13,Arizona,Maricopa County,42125,42.0,125.0,Pennsylvania,Washington County,9,18,AZ
4013,4,13,Arizona,Maricopa County,42129,42.0,129.0,Pennsylvania,Westmoreland County,12,19,AZ
4013,4,13,Arizona,Maricopa County,42133,42.0,133.0,Pennsylvania,York County,9,14,AZ
4013,4,13,Arizona,Maricopa County,44007,44.0,7.0,Rhode Island,Providence County,13,21,AZ
4013,4,13,Arizona,Maricopa County,45013,45.0,13.0,South Carolina,Beaufort County,38,43,AZ
4019,4,19,Arizona,Pima County,45019,45.0,19.0,South Carolina,Charleston County,7,11,AZ
4013,4,13,Arizona,Maricopa County,45043,45.0,43.0,South Carolina,Georgetown County,16,22,AZ
4027,4,27,Arizona,Yuma County,45045,45.0,45.0,South Carolina,Greenville County,15,28,AZ
4013,4,13,Arizona,Maricopa County,45051,45.0,51.0,South Carolina,Horry County,16,26,AZ
4013,4,13,Arizona,Maricopa County,45063,45.0,63.0,South Carolina,Lexington County,5,12,AZ
4021,4,21,Arizona,Pinal County,45079,45.0,79.0,South Carolina,Richland County,3,5,AZ
4013,4,13,Arizona,Maricopa County,46023,46.0,23.0,South Dakota,Charles Mix County,13,19,AZ
4013,4,13,Arizona,Maricopa County,46083,46.0,83.0,South Dakota,Lincoln County,9,15,AZ
4015,4,15,Arizona,Mohave County,46093,46.0,93.0,South Dakota,Meade County,57,89,AZ
4013,4,13,Arizona,Maricopa County,46102,46.0,102.0,South Dakota,Oglala Lakota County,7,11,AZ
4019,4,19,Arizona,Pima County,46103,46.0,103.0,South Dakota,Pennington County,15,24,AZ
4021,4,21,Arizona,Pinal County,46103,46.0,103.0,South Dakota,Pennington County,30,49,AZ
4013,4,13,Arizona,Maricopa County,46135,46.0,135.0,South Dakota,Yankton County,8,12,AZ
4009,4,9,Arizona,Graham County,47037,47.0,37.0,Tennessee,Davidson County,13,16,AZ
4013,4,13,Arizona,Maricopa County,47065,47.0,65.0,Tennessee,Hamilton County,51,79,AZ
4013,4,13,Arizona,Maricopa County,47093,47.0,93.0,Tennessee,Knox County,14,23,AZ
4021,4,21,Arizona,Pinal County,47125,47.0,125.0,Tennessee,Montgomery County,13,21,AZ
4005,4,5,Arizona,Coconino County,47157,47.0,157.0,Tennessee,Shelby County,24,35,AZ
4013,4,13,Arizona,Maricopa County,47157,47.0,157.0,Tennessee,Shelby County,70,38,AZ
4019,4,19,Arizona,Pima County,47157,47.0,157.0,Tennessee,Shelby County,7,11,AZ
4013,4,13,Arizona,Maricopa County,47187,47.0,187.0,Tennessee,Williamson County,7,12,AZ
4017,4,17,Arizona,Navajo County,48003,48.0,3.0,Texas,Andrews County,36,48,AZ
4013,4,13,Arizona,Maricopa County,48025,48.0,25.0,Texas,Bee County,12,19,AZ
4003,4,3,Arizona,Cochise County,48027,48.0,27.0,Texas,Bell County,23,30,AZ
4013,4,13,Arizona,Maricopa County,48027,48.0,27.0,Texas,Bell County,66,64,AZ
4019,4,19,Arizona,Pima County,48029,48.0,29.0,Texas,Bexar County,35,40,AZ
4021,4,21,Arizona,Pinal County,48029,48.0,29.0,Texas,Bexar County,26,29,AZ
4021,4,21,Arizona,Pinal County,48067,48.0,67.0,Texas,Cass County,16,27,AZ
4013,4,13,Arizona,Maricopa County,48071,48.0,71.0,Texas,Chambers County,22,24,AZ
4013,4,13,Arizona,Maricopa County,48085,48.0,85.0,Texas,Collin County,110,82,AZ
4013,4,13,Arizona,Maricopa County,48095,48.0,95.0,Texas,Concho County,8,11,AZ
4019,4,19,Arizona,Pima County,48097,48.0,97.0,Texas,Cooke County,5,7,AZ
4005,4,5,Arizona,Coconino County,48105,48.0,105.0,Texas,Crockett County,13,20,AZ
4013,4,13,Arizona,Maricopa County,48113,48.0,113.0,Texas,Dallas County,348,98,AZ
4019,4,19,Arizona,Pima County,48113,48.0,113.0,Texas,Dallas County,69,47,AZ
4025,4,25,Arizona,Yavapai County,48113,48.0,113.0,Texas,Dallas County,28,32,AZ
4019,4,19,Arizona,Pima County,48121,48.0,121.0,Texas,Denton County,6,11,AZ
4025,4,25,Arizona,Yavapai County,48125,48.0,125.0,Texas,Dickens County,35,58,AZ
4001,4,1,Arizona,Apache County,48141,48.0,141.0,Texas,El Paso County,16,15,AZ
4003,4,3,Arizona,Cochise County,48141,48.0,141.0,Texas,El Paso County,33,46,AZ
4013,4,13,Arizona,Maricopa County,48141,48.0,141.0,Texas,El Paso County,130,63,AZ
4017,4,17,Arizona,Navajo County,48141,48.0,141.0,Texas,El Paso County,6,5,AZ
4019,4,19,Arizona,Pima County,48141,48.0,141.0,Texas,El Paso County,19,21,AZ
4027,4,27,Arizona,Yuma County,48141,48.0,141.0,Texas,El Paso County,59,58,AZ
4013,4,13,Arizona,Maricopa County,48187,48.0,187.0,Texas,Guadalupe County,10,14,AZ
4001,4,1,Arizona,Apache County,48201,48.0,201.0,Texas,Harris County,11,10,AZ
4003,4,3,Arizona,Cochise County,48201,48.0,201.0,Texas,Harris County,13,21,AZ
4005,4,5,Arizona,Coconino County,48201,48.0,201.0,Texas,Harris County,41,30,AZ
4013,4,13,Arizona,Maricopa County,48201,48.0,201.0,Texas,Harris County,423,183,AZ
4019,4,19,Arizona,Pima County,48201,48.0,201.0,Texas,Harris County,74,97,AZ
4021,4,21,Arizona,Pinal County,48201,48.0,201.0,Texas,Harris County,61,77,AZ
4025,4,25,Arizona,Yavapai County,48201,48.0,201.0,Texas,Harris County,8,15,AZ
4027,4,27,Arizona,Yuma County,48201,48.0,201.0,Texas,Harris County,11,18,AZ
4017,4,17,Arizona,Navajo County,48209,48.0,209.0,Texas,Hays County,33,29,AZ
4021,4,21,Arizona,Pinal County,48215,48.0,215.0,Texas,Hidalgo County,4,6,AZ
4019,4,19,Arizona,Pima County,48227,48.0,227.0,Texas,Howard County,10,17,AZ
4005,4,5,Arizona,Coconino County,48255,48.0,255.0,Texas,Karnes County,5,8,AZ
4025,4,25,Arizona,Yavapai County,48257,48.0,257.0,Texas,Kaufman County,15,24,AZ
4013,4,13,Arizona,Maricopa County,48283,48.0,283.0,Texas,La Salle County,7,12,AZ
4001,4,1,Arizona,Apache County,48289,48.0,289.0,Texas,Leon County,6,7,AZ
4013,4,13,Arizona,Maricopa County,48303,48.0,303.0,Texas,Lubbock County,60,45,AZ
4013,4,13,Arizona,Maricopa County,48309,48.0,309.0,Texas,McLennan County,6,10,AZ
4013,4,13,Arizona,Maricopa County,48321,48.0,321.0,Texas,Matagorda County,38,62,AZ
4027,4,27,Arizona,Yuma County,48323,48.0,323.0,Texas,Maverick County,4,6,AZ
4021,4,21,Arizona,Pinal County,48355,48.0,355.0,Texas,Nueces County,9,14,AZ
4019,4,19,Arizona,Pima County,48371,48.0,371.0,Texas,Pecos County,51,54,AZ
4013,4,13,Arizona,Maricopa County,48375,48.0,375.0,Texas,Potter County,7,11,AZ
4021,4,21,Arizona,Pinal County,48375,48.0,375.0,Texas,Potter County,26,40,AZ
4019,4,19,Arizona,Pima County,48389,48.0,389.0,Texas,Reeves County,17,27,AZ
4021,4,21,Arizona,Pinal County,48397,48.0,397.0,Texas,Rockwall County,31,45,AZ
4013,4,13,Arizona,Maricopa County,48439,48.0,439.0,Texas,Tarrant County,258,157,AZ
4015,4,15,Arizona,Mohave County,48439,48.0,439.0,Texas,Tarrant County,32,33,AZ
4019,4,19,Arizona,Pima County,48439,48.0,439.0,Texas,Tarrant County,44,46,AZ
4021,4,21,Arizona,Pinal County,48439,48.0,439.0,Texas,Tarrant County,71,80,AZ
4025,4,25,Arizona,Yavapai County,48439,48.0,439.0,Texas,Tarrant County,49,59,AZ
4013,4,13,Arizona,Maricopa County,48453,48.0,453.0,Texas,Travis County,80,47,AZ
4003,4,3,Arizona,Cochise County,48463,48.0,463.0,Texas,Uvalde County,5,8,AZ
4013,4,13,Arizona,Maricopa County,48479,48.0,479.0,Texas,Webb County,7,13,AZ
4019,4,19,Arizona,Pima County,48485,48.0,485.0,Texas,Wichita County,6,9,AZ
4013,4,13,Arizona,Maricopa County,48491,48.0,491.0,Texas,Williamson County,9,20,AZ
4001,4,1,Arizona,Apache County,49001,49.0,1.0,Utah,Beaver County,2,4,AZ
4013,4,13,Arizona,Maricopa County,49005,49.0,5.0,Utah,Cache County,7,11,AZ
4021,4,21,Arizona,Pinal County,49005,49.0,5.0,Utah,Cache County,23,38,AZ
4005,4,5,Arizona,Coconino County,49011,49.0,11.0,Utah,Davis County,9,11,AZ
4013,4,13,Arizona,Maricopa County,49011,49.0,11.0,Utah,Davis County,30,25,AZ
4015,4,15,Arizona,Mohave County,49011,49.0,11.0,Utah,Davis County,8,12,AZ
4019,4,19,Arizona,Pima County,49011,49.0,11.0,Utah,Davis County,18,28,AZ
4005,4,5,Arizona,Coconino County,49015,49.0,15.0,Utah,Emery County,4,6,AZ
4005,4,5,Arizona,Coconino County,49017,49.0,17.0,Utah,Garfield County,16,20,AZ
4015,4,15,Arizona,Mohave County,49017,49.0,17.0,Utah,Garfield County,18,30,AZ
4001,4,1,Arizona,Apache County,49019,49.0,19.0,Utah,Grand County,10,12,AZ
4019,4,19,Arizona,Pima County,49019,49.0,19.0,Utah,Grand County,13,21,AZ
4005,4,5,Arizona,Coconino County,49021,49.0,21.0,Utah,Iron County,13,15,AZ
4015,4,15,Arizona,Mohave County,49021,49.0,21.0,Utah,Iron County,3,7,AZ
4017,4,17,Arizona,Navajo County,49021,49.0,21.0,Utah,Iron County,3,5,AZ
4025,4,25,Arizona,Yavapai County,49021,49.0,21.0,Utah,Iron County,39,48,AZ
4005,4,5,Arizona,Coconino County,49025,49.0,25.0,Utah,Kane County,524,142,AZ
4015,4,15,Arizona,Mohave County,49025,49.0,25.0,Utah,Kane County,111,57,AZ
4017,4,17,Arizona,Navajo County,49025,49.0,25.0,Utah,Kane County,6,9,AZ
4001,4,1,Arizona,Apache County,49035,49.0,35.0,Utah,Salt Lake County,9,7,AZ
4003,4,3,Arizona,Cochise County,49035,49.0,35.0,Utah,Salt Lake County,11,14,AZ
4005,4,5,Arizona,Coconino County,49035,49.0,35.0,Utah,Salt Lake County,33,27,AZ
4013,4,13,Arizona,Maricopa County,49035,49.0,35.0,Utah,Salt Lake County,446,155,AZ
4017,4,17,Arizona,Navajo County,49035,49.0,35.0,Utah,Salt Lake County,15,22,AZ
4019,4,19,Arizona,Pima County,49035,49.0,35.0,Utah,Salt Lake County,104,74,AZ
4021,4,21,Arizona,Pinal County,49035,49.0,35.0,Utah,Salt Lake County,67,65,AZ
4001,4,1,Arizona,Apache County,49037,49.0,37.0,Utah,San Juan County,54,22,AZ
4017,4,17,Arizona,Navajo County,49037,49.0,37.0,Utah,San Juan County,257,85,AZ
4019,4,19,Arizona,Pima County,49045,49.0,45.0,Utah,Tooele County,9,13,AZ
4013,4,13,Arizona,Maricopa County,49047,49.0,47.0,Utah,Uintah County,51,70,AZ
4013,4,13,Arizona,Maricopa County,49049,49.0,49.0,Utah,Utah County,100,67,AZ
4005,4,5,Arizona,Coconino County,49053,49.0,53.0,Utah,Washington County,7,9,AZ
4013,4,13,Arizona,Maricopa County,49053,49.0,53.0,Utah,Washington County,119,101,AZ
4015,4,15,Arizona,Mohave County,49053,49.0,53.0,Utah,Washington County,689,173,AZ
4013,4,13,Arizona,Maricopa County,49057,49.0,57.0,Utah,Weber County,11,16,AZ
4013,4,13,Arizona,Maricopa County,50025,50.0,25.0,Vermont,Windham County,47,50,AZ
4013,4,13,Arizona,Maricopa County,51001,51.0,1.0,Virginia,Accomack County,3,7,AZ
4013,4,13,Arizona,Maricopa County,51013,51.0,13.0,Virginia,Arlington County,33,37,AZ
4019,4,19,Arizona,Pima County,51013,51.0,13.0,Virginia,Arlington County,11,19,AZ
4013,4,13,Arizona,Maricopa County,51059,51.0,59.0,Virginia,Fairfax County,80,72,AZ
4019,4,19,Arizona,Pima County,51059,51.0,59.0,Virginia,Fairfax County,17,20,AZ
4013,4,13,Arizona,Maricopa County,51107,51.0,107.0,Virginia,Loudoun County,51,56,AZ
4013,4,13,Arizona,Maricopa County,51510,51.0,510.0,Virginia,Alexandria city,18,19,AZ
4013,4,13,Arizona,Maricopa County,51550,51.0,550.0,Virginia,Chesapeake city,8,11,AZ
4013,4,13,Arizona,Maricopa County,51700,51.0,700.0,Virginia,Newport News city,14,22,AZ
4013,4,13,Arizona,Maricopa County,51710,51.0,710.0,Virginia,Norfolk city,5,9,AZ
4013,4,13,Arizona,Maricopa County,53005,53.0,5.0,Washington,Benton County,34,31,AZ
4013,4,13,Arizona,Maricopa County,53007,53.0,7.0,Washington,Chelan County,8,14,AZ
4021,4,21,Arizona,Pinal County,53007,53.0,7.0,Washington,Chelan County,6,9,AZ
4013,4,13,Arizona,Maricopa County,53011,53.0,11.0,Washington,Clark County,69,51,AZ
4021,4,21,Arizona,Pinal County,53011,53.0,11.0,Washington,Clark County,30,35,AZ
4019,4,19,Arizona,Pima County,53021,53.0,21.0,Washington,Franklin County,22,23,AZ
4013,4,13,Arizona,Maricopa County,53033,53.0,33.0,Washington,King County,534,175,AZ
4019,4,19,Arizona,Pima County,53033,53.0,33.0,Washington,King County,118,66,AZ
4021,4,21,Arizona,Pinal County,53033,53.0,33.0,Washington,King County,58,62,AZ
4025,4,25,Arizona,Yavapai County,53033,53.0,33.0,Washington,King County,10,17,AZ
4021,4,21,Arizona,Pinal County,53035,53.0,35.0,Washington,Kitsap County,16,25,AZ
4013,4,13,Arizona,Maricopa County,53045,53.0,45.0,Washington,Mason County,8,13,AZ
4021,4,21,Arizona,Pinal County,53049,53.0,49.0,Washington,Pacific County,7,12,AZ
4013,4,13,Arizona,Maricopa County,53053,53.0,53.0,Washington,Pierce County,62,61,AZ
4019,4,19,Arizona,Pima County,53053,53.0,53.0,Washington,Pierce County,15,23,AZ
4021,4,21,Arizona,Pinal County,53053,53.0,53.0,Washington,Pierce County,9,13,AZ
4013,4,13,Arizona,Maricopa County,53061,53.0,61.0,Washington,Snohomish County,76,63,AZ
4019,4,19,Arizona,Pima County,53061,53.0,61.0,Washington,Snohomish County,19,23,AZ
4013,4,13,Arizona,Maricopa County,53063,53.0,63.0,Washington,Spokane County,25,22,AZ
4027,4,27,Arizona,Yuma County,53063,53.0,63.0,Washington,Spokane County,31,49,AZ
4013,4,13,Arizona,Maricopa County,53067,53.0,67.0,Washington,Thurston County,15,16,AZ
4019,4,19,Arizona,Pima County,53073,53.0,73.0,Washington,Whatcom County,6,8,AZ
4013,4,13,Arizona,Maricopa County,53077,53.0,77.0,Washington,Yakima County,20,30,AZ
4025,4,25,Arizona,Yavapai County,54069,54.0,69.0,West Virginia,Ohio County,20,23,AZ
4013,4,13,Arizona,Maricopa County,55009,55.0,9.0,Wisconsin,Brown County,9,13,AZ
4019,4,19,Arizona,Pima County,55009,55.0,9.0,Wisconsin,Brown County,22,24,AZ
4021,4,21,Arizona,Pinal County,55011,55.0,11.0,Wisconsin,Buffalo County,26,45,AZ
4013,4,13,Arizona,Maricopa County,55025,55.0,25.0,Wisconsin,Dane County,28,30,AZ
4019,4,19,Arizona,Pima County,55035,55.0,35.0,Wisconsin,Eau Claire County,9,14,AZ
4013,4,13,Arizona,Maricopa County,55063,55.0,63.0,Wisconsin,La Crosse County,16,18,AZ
4021,4,21,Arizona,Pinal County,55063,55.0,63.0,Wisconsin,La Crosse County,9,15,AZ
4013,4,13,Arizona,Maricopa County,55079,55.0,79.0,Wisconsin,Milwaukee County,110,79,AZ
4017,4,17,Arizona,Navajo County,55079,55.0,79.0,Wisconsin,Milwaukee County,4,4,AZ
4019,4,19,Arizona,Pima County,55079,55.0,79.0,Wisconsin,Milwaukee County,16,25,AZ
4013,4,13,Arizona,Maricopa County,55089,55.0,89.0,Wisconsin,Ozaukee County,8,13,AZ
4027,4,27,Arizona,Yuma County,55093,55.0,93.0,Wisconsin,Pierce County,20,33,AZ
4013,4,13,Arizona,Maricopa County,55117,55.0,117.0,Wisconsin,Sheboygan County,16,25,AZ
4013,4,13,Arizona,Maricopa County,55127,55.0,127.0,Wisconsin,Walworth County,12,18,AZ
4013,4,13,Arizona,Maricopa County,55131,55.0,131.0,Wisconsin,Washington County,10,16,AZ
4013,4,13,Arizona,Maricopa County,55133,55.0,133.0,Wisconsin,Waukesha County,34,29,AZ
4019,4,19,Arizona,Pima County,55133,55.0,133.0,Wisconsin,Waukesha County,4,6,AZ
4019,4,19,Arizona,Pima County,55139,55.0,139.0,Wisconsin,Winnebago County,23,36,AZ
4003,4,3,Arizona,Cochise County,56001,56.0,1.0,Wyoming,Albany County,2,3,AZ
4019,4,19,Arizona,Pima County,56009,56.0,9.0,Wyoming,Converse County,39,46,AZ
4013,4,13,Arizona,Maricopa County,56013,56.0,13.0,Wyoming,Fremont County,15,25,AZ
4001,4,1,Arizona,Apache County,56021,56.0,21.0,Wyoming,Laramie County,2,3,AZ
4005,4,5,Arizona,Coconino County,56021,56.0,21.0,Wyoming,Laramie County,48,66,AZ
4015,4,15,Arizona,Mohave County,56021,56.0,21.0,Wyoming,Laramie County,4,5,AZ
4017,4,17,Arizona,Navajo County,56021,56.0,21.0,Wyoming,Laramie County,6,7,AZ
4019,4,19,Arizona,Pima County,56021,56.0,21.0,Wyoming,Laramie County,5,10,AZ
4017,4,17,Arizona,Navajo County,56023,56.0,23.0,Wyoming,Lincoln County,2,5,AZ
4025,4,25,Arizona,Yavapai County,56023,56.0,23.0,Wyoming,Lincoln County,16,26,AZ
4015,4,15,Arizona,Mohave County,56025,56.0,25.0,Wyoming,Natrona County,12,20,AZ
4005,4,5,Arizona,Coconino County,56031,56.0,31.0,Wyoming,Platte County,14,21,AZ
4021,4,21,Arizona,Pinal County,56033,56.0,33.0,Wyoming,Sheridan County,25,34,AZ
4001,4,1,Arizona,Apache County,56037,56.0,37.0,Wyoming,Sweetwater County,7,9,AZ
4013,4,13,Arizona,Maricopa County,56037,56.0,37.0,Wyoming,Sweetwater County,82,63,AZ
4005,4,5,Arizona,Coconino County,56039,56.0,39.0,Wyoming,Teton County,54,60,AZ
4019,4,19,Arizona,Pima County,56039,56.0,39.0,Wyoming,Teton County,12,21,AZ
4013,4,13,Arizona,Maricopa County,301000,301.0,,Canada,,303,109,AZ
4019,4,19,Arizona,Pima County,301000,301.0,,Canada,,38,52,AZ
4021,4,21,Arizona,Pinal County,301000,301.0,,Canada,,23,27,AZ
4027,4,27,Arizona,Yuma County,301000,301.0,,Canada,,4,6,AZ
4003,4,3,Arizona,Cochise County,303000,303.0,,Mexico,,113,53,AZ
4005,4,5,Arizona,Coconino County,303000,303.0,,Mexico,,37,60,AZ
4013,4,13,Arizona,Maricopa County,303000,303.0,,Mexico,,62,47,AZ
4019,4,19,Arizona,Pima County,303000,303.0,,Mexico,,264,146,AZ
4023,4,23,Arizona,Santa Cruz County,303000,303.0,,Mexico,,324,138,AZ
4027,4,27,Arizona,Yuma County,303000,303.0,,Mexico,,364,188,AZ
4003,4,3,Arizona,Cochise County,-1,,,Other workplace outside of the U.S.,,36,34,AZ
4005,4,5,Arizona,Coconino County,-1,,,Other workplace outside of the U.S.,,131,147,AZ
4007,4,7,Arizona,Gila County,-1,,,Other workplace outside of the U.S.,,3,4,AZ
4009,4,9,Arizona,Graham County,-1,,,Other workplace outside of the U.S.,,24,27,AZ
4013,4,13,Arizona,Maricopa County,-1,,,Other workplace outside of the U.S.,,953,228,AZ
4015,4,15,Arizona,Mohave County,-1,,,Other workplace outside of the U.S.,,47,52,AZ
4017,4,17,Arizona,Navajo County,-1,,,Other workplace outside of the U.S.,,8,14,AZ
4019,4,19,Arizona,Pima County,-1,,,Other workplace outside of the U.S.,,229,105,AZ
4021,4,21,Arizona,Pinal County,-1,,,Other workplace outside of the U.S.,,90,78,AZ
4025,4,25,Arizona,Yavapai County,-1,,,Other workplace outside of the U.S.,,25,40,AZ
4027,4,27,Arizona,Yuma County,-1,,,Other workplace outside of the U.S.,,41,49,AZ
